,Attacker,Graph size,Episode lengths,Returns
0,well-informed,7,101,-40649
1,well-informed,7,78,-2278
2,well-informed,7,334,-25094
3,well-informed,7,116,-1532
4,well-informed,7,157,-12926
5,well-informed,7,146,-1132
6,well-informed,7,169,-40642
7,well-informed,7,178,-15351
8,well-informed,7,20,-898
9,well-informed,7,278,-2008
10,well-informed,7,56,-3350
11,well-informed,7,88,-9983
12,well-informed,7,172,-10978
13,well-informed,7,138,-38152
14,well-informed,7,220,-3238
15,well-informed,7,73,-9069
16,well-informed,7,59,-6583
17,well-informed,7,31,-8431
18,well-informed,7,77,-17150
19,well-informed,7,33,-362
20,well-informed,7,154,-8783
21,well-informed,7,81,-7999
22,well-informed,7,28,-5863
23,well-informed,7,92,-12321
24,well-informed,7,36,-19580
25,well-informed,7,489,-3901
26,well-informed,7,267,-10359
27,well-informed,7,98,-4477
28,well-informed,7,10,-5585
29,well-informed,7,57,-6401
30,well-informed,7,120,-4065
31,well-informed,7,45,-8179
32,well-informed,7,71,-2327
33,well-informed,7,142,-659
34,well-informed,7,297,-2266
35,well-informed,7,97,-3792
36,well-informed,7,102,-5485
37,well-informed,7,130,-850
38,well-informed,7,98,-3975
39,well-informed,7,59,-27843
40,well-informed,7,65,-5182
41,well-informed,7,160,-6193
42,well-informed,7,85,-1442
43,well-informed,7,265,-35518
44,well-informed,7,170,-2271
45,well-informed,7,214,-18906
46,well-informed,7,70,-37145
47,well-informed,7,58,-17343
48,well-informed,7,224,-410
49,well-informed,7,185,-4246
50,informed,7,101,-40649
51,informed,7,78,-2278
52,informed,7,334,-25094
53,informed,7,116,-1532
54,informed,7,157,-12926
55,informed,7,146,-1132
56,informed,7,169,-40642
57,informed,7,178,-15351
58,informed,7,20,-898
59,informed,7,278,-2008
60,informed,7,56,-3350
61,informed,7,88,-9983
62,informed,7,172,-10978
63,informed,7,138,-38152
64,informed,7,220,-3238
65,informed,7,73,-9069
66,informed,7,59,-6583
67,informed,7,31,-8431
68,informed,7,77,-17150
69,informed,7,33,-362
70,informed,7,154,-8783
71,informed,7,81,-7999
72,informed,7,28,-5863
73,informed,7,92,-12321
74,informed,7,36,-19580
75,informed,7,489,-3901
76,informed,7,267,-10359
77,informed,7,98,-4477
78,informed,7,10,-5585
79,informed,7,57,-6401
80,informed,7,120,-4065
81,informed,7,45,-8179
82,informed,7,71,-2327
83,informed,7,142,-659
84,informed,7,297,-2266
85,informed,7,97,-3792
86,informed,7,102,-5485
87,informed,7,130,-850
88,informed,7,98,-3975
89,informed,7,59,-27843
90,informed,7,65,-5182
91,informed,7,160,-6193
92,informed,7,85,-1442
93,informed,7,265,-35518
94,informed,7,170,-2271
95,informed,7,214,-18906
96,informed,7,70,-37145
97,informed,7,58,-17343
98,informed,7,224,-410
99,informed,7,185,-4246
100,round-robin,7,101,-40649
101,round-robin,7,78,-2278
102,round-robin,7,334,-25094
103,round-robin,7,116,-1532
104,round-robin,7,157,-12926
105,round-robin,7,146,-1132
106,round-robin,7,169,-40642
107,round-robin,7,178,-15351
108,round-robin,7,20,-898
109,round-robin,7,278,-2008
110,round-robin,7,56,-3350
111,round-robin,7,88,-9983
112,round-robin,7,172,-10978
113,round-robin,7,138,-38152
114,round-robin,7,220,-3238
115,round-robin,7,73,-9069
116,round-robin,7,59,-6583
117,round-robin,7,31,-8431
118,round-robin,7,77,-17150
119,round-robin,7,33,-362
120,round-robin,7,154,-8783
121,round-robin,7,81,-7999
122,round-robin,7,28,-5863
123,round-robin,7,92,-12321
124,round-robin,7,36,-19580
125,round-robin,7,489,-3901
126,round-robin,7,267,-10359
127,round-robin,7,98,-4477
128,round-robin,7,10,-5585
129,round-robin,7,57,-6401
130,round-robin,7,120,-4065
131,round-robin,7,45,-8179
132,round-robin,7,71,-2327
133,round-robin,7,142,-659
134,round-robin,7,297,-2266
135,round-robin,7,97,-3792
136,round-robin,7,102,-5485
137,round-robin,7,130,-850
138,round-robin,7,98,-3975
139,round-robin,7,59,-27843
140,round-robin,7,65,-5182
141,round-robin,7,160,-6193
142,round-robin,7,85,-1442
143,round-robin,7,265,-35518
144,round-robin,7,170,-2271
145,round-robin,7,214,-18906
146,round-robin,7,70,-37145
147,round-robin,7,58,-17343
148,round-robin,7,224,-410
149,round-robin,7,185,-4246
150,random,7,101,-40649
151,random,7,78,-2278
152,random,7,334,-25094
153,random,7,116,-1532
154,random,7,157,-12926
155,random,7,146,-1132
156,random,7,169,-40642
157,random,7,178,-15351
158,random,7,20,-898
159,random,7,278,-2008
160,random,7,56,-3350
161,random,7,88,-9983
162,random,7,172,-10978
163,random,7,138,-38152
164,random,7,220,-3238
165,random,7,73,-9069
166,random,7,59,-6583
167,random,7,31,-8431
168,random,7,77,-17150
169,random,7,33,-362
170,random,7,154,-8783
171,random,7,81,-7999
172,random,7,28,-5863
173,random,7,92,-12321
174,random,7,36,-19580
175,random,7,489,-3901
176,random,7,267,-10359
177,random,7,98,-4477
178,random,7,10,-5585
179,random,7,57,-6401
180,random,7,120,-4065
181,random,7,45,-8179
182,random,7,71,-2327
183,random,7,142,-659
184,random,7,297,-2266
185,random,7,97,-3792
186,random,7,102,-5485
187,random,7,130,-850
188,random,7,98,-3975
189,random,7,59,-27843
190,random,7,65,-5182
191,random,7,160,-6193
192,random,7,85,-1442
193,random,7,265,-35518
194,random,7,170,-2271
195,random,7,214,-18906
196,random,7,70,-37145
197,random,7,58,-17343
198,random,7,224,-410
199,random,7,185,-4246
200,well-informed,27,962,-97509
201,well-informed,27,617,-73650
202,well-informed,27,243,-82224
203,well-informed,27,1008,-73650
204,well-informed,27,1173,-138022
205,well-informed,27,342,-76015
206,well-informed,27,197,-44455
207,well-informed,27,456,-107198
208,well-informed,27,498,-126169
209,well-informed,27,598,-48027
210,well-informed,27,508,-33712
211,well-informed,27,380,-63444
212,well-informed,27,526,-48462
213,well-informed,27,230,-133901
214,well-informed,27,317,-113529
215,well-informed,27,483,-28441
216,well-informed,27,409,-68641
217,well-informed,27,804,-68723
218,well-informed,27,687,-45547
219,well-informed,27,300,-77448
220,well-informed,27,404,-94615
221,well-informed,27,514,-87786
222,well-informed,27,608,-89528
223,well-informed,27,553,-61671
224,well-informed,27,344,-60536
225,well-informed,27,724,-52057
226,well-informed,27,626,-75397
227,well-informed,27,827,-58899
228,well-informed,27,370,-71862
229,well-informed,27,322,-62295
230,well-informed,27,372,-56551
231,well-informed,27,293,-60698
232,well-informed,27,693,-129451
233,well-informed,27,661,-50501
234,well-informed,27,904,-54942
235,well-informed,27,328,-72450
236,well-informed,27,603,-43654
237,well-informed,27,519,-59447
238,well-informed,27,542,-38623
239,well-informed,27,470,-109281
240,well-informed,27,492,-115048
241,well-informed,27,655,-65140
242,well-informed,27,546,-53497
243,well-informed,27,730,-52465
244,well-informed,27,336,-74614
245,well-informed,27,430,-54759
246,well-informed,27,432,-40185
247,well-informed,27,795,-93358
248,well-informed,27,493,-67790
249,well-informed,27,389,-60976
250,informed,27,962,-97509
251,informed,27,617,-73650
252,informed,27,243,-82224
253,informed,27,1008,-73650
254,informed,27,1173,-138022
255,informed,27,342,-76015
256,informed,27,197,-44455
257,informed,27,456,-107198
258,informed,27,498,-126169
259,informed,27,598,-48027
260,informed,27,508,-33712
261,informed,27,380,-63444
262,informed,27,526,-48462
263,informed,27,230,-133901
264,informed,27,317,-113529
265,informed,27,483,-28441
266,informed,27,409,-68641
267,informed,27,804,-68723
268,informed,27,687,-45547
269,informed,27,300,-77448
270,informed,27,404,-94615
271,informed,27,514,-87786
272,informed,27,608,-89528
273,informed,27,553,-61671
274,informed,27,344,-60536
275,informed,27,724,-52057
276,informed,27,626,-75397
277,informed,27,827,-58899
278,informed,27,370,-71862
279,informed,27,322,-62295
280,informed,27,372,-56551
281,informed,27,293,-60698
282,informed,27,693,-129451
283,informed,27,661,-50501
284,informed,27,904,-54942
285,informed,27,328,-72450
286,informed,27,603,-43654
287,informed,27,519,-59447
288,informed,27,542,-38623
289,informed,27,470,-109281
290,informed,27,492,-115048
291,informed,27,655,-65140
292,informed,27,546,-53497
293,informed,27,730,-52465
294,informed,27,336,-74614
295,informed,27,430,-54759
296,informed,27,432,-40185
297,informed,27,795,-93358
298,informed,27,493,-67790
299,informed,27,389,-60976
300,round-robin,27,962,-97509
301,round-robin,27,617,-73650
302,round-robin,27,243,-82224
303,round-robin,27,1008,-73650
304,round-robin,27,1173,-138022
305,round-robin,27,342,-76015
306,round-robin,27,197,-44455
307,round-robin,27,456,-107198
308,round-robin,27,498,-126169
309,round-robin,27,598,-48027
310,round-robin,27,508,-33712
311,round-robin,27,380,-63444
312,round-robin,27,526,-48462
313,round-robin,27,230,-133901
314,round-robin,27,317,-113529
315,round-robin,27,483,-28441
316,round-robin,27,409,-68641
317,round-robin,27,804,-68723
318,round-robin,27,687,-45547
319,round-robin,27,300,-77448
320,round-robin,27,404,-94615
321,round-robin,27,514,-87786
322,round-robin,27,608,-89528
323,round-robin,27,553,-61671
324,round-robin,27,344,-60536
325,round-robin,27,724,-52057
326,round-robin,27,626,-75397
327,round-robin,27,827,-58899
328,round-robin,27,370,-71862
329,round-robin,27,322,-62295
330,round-robin,27,372,-56551
331,round-robin,27,293,-60698
332,round-robin,27,693,-129451
333,round-robin,27,661,-50501
334,round-robin,27,904,-54942
335,round-robin,27,328,-72450
336,round-robin,27,603,-43654
337,round-robin,27,519,-59447
338,round-robin,27,542,-38623
339,round-robin,27,470,-109281
340,round-robin,27,492,-115048
341,round-robin,27,655,-65140
342,round-robin,27,546,-53497
343,round-robin,27,730,-52465
344,round-robin,27,336,-74614
345,round-robin,27,430,-54759
346,round-robin,27,432,-40185
347,round-robin,27,795,-93358
348,round-robin,27,493,-67790
349,round-robin,27,389,-60976
350,random,27,962,-97509
351,random,27,617,-73650
352,random,27,243,-82224
353,random,27,1008,-73650
354,random,27,1173,-138022
355,random,27,342,-76015
356,random,27,197,-44455
357,random,27,456,-107198
358,random,27,498,-126169
359,random,27,598,-48027
360,random,27,508,-33712
361,random,27,380,-63444
362,random,27,526,-48462
363,random,27,230,-133901
364,random,27,317,-113529
365,random,27,483,-28441
366,random,27,409,-68641
367,random,27,804,-68723
368,random,27,687,-45547
369,random,27,300,-77448
370,random,27,404,-94615
371,random,27,514,-87786
372,random,27,608,-89528
373,random,27,553,-61671
374,random,27,344,-60536
375,random,27,724,-52057
376,random,27,626,-75397
377,random,27,827,-58899
378,random,27,370,-71862
379,random,27,322,-62295
380,random,27,372,-56551
381,random,27,293,-60698
382,random,27,693,-129451
383,random,27,661,-50501
384,random,27,904,-54942
385,random,27,328,-72450
386,random,27,603,-43654
387,random,27,519,-59447
388,random,27,542,-38623
389,random,27,470,-109281
390,random,27,492,-115048
391,random,27,655,-65140
392,random,27,546,-53497
393,random,27,730,-52465
394,random,27,336,-74614
395,random,27,430,-54759
396,random,27,432,-40185
397,random,27,795,-93358
398,random,27,493,-67790
399,random,27,389,-60976
400,well-informed,44,831,-109388
401,well-informed,44,918,-127186
402,well-informed,44,462,-93826
403,well-informed,44,1112,-81618
404,well-informed,44,799,-94217
405,well-informed,44,551,-137140
406,well-informed,44,808,-131876
407,well-informed,44,834,-124001
408,well-informed,44,703,-123777
409,well-informed,44,723,-74593
410,well-informed,44,662,-43743
411,well-informed,44,787,-87472
412,well-informed,44,1306,-68515
413,well-informed,44,1051,-100386
414,well-informed,44,1077,-160155
415,well-informed,44,618,-109360
416,well-informed,44,760,-59311
417,well-informed,44,528,-90564
418,well-informed,44,746,-139871
419,well-informed,44,1147,-37992
420,well-informed,44,1024,-141996
421,well-informed,44,1042,-94635
422,well-informed,44,1043,-122968
423,well-informed,44,663,-97365
424,well-informed,44,793,-54302
425,well-informed,44,517,-78247
426,well-informed,44,816,-86334
427,well-informed,44,766,-214275
428,well-informed,44,714,-41876
429,well-informed,44,788,-123419
430,well-informed,44,1299,-146681
431,well-informed,44,1097,-84190
432,well-informed,44,1176,-75989
433,well-informed,44,713,-84555
434,well-informed,44,753,-128254
435,well-informed,44,688,-87097
436,well-informed,44,449,-79486
437,well-informed,44,946,-106402
438,well-informed,44,986,-53867
439,well-informed,44,674,-94559
440,well-informed,44,385,-165171
441,well-informed,44,1019,-103021
442,well-informed,44,638,-80382
443,well-informed,44,911,-128981
444,well-informed,44,403,-201639
445,well-informed,44,714,-155604
446,well-informed,44,977,-171404
447,well-informed,44,1589,-126940
448,well-informed,44,617,-124739
449,well-informed,44,617,-93853
450,informed,44,831,-109388
451,informed,44,918,-127186
452,informed,44,462,-93826
453,informed,44,1112,-81618
454,informed,44,799,-94217
455,informed,44,551,-137140
456,informed,44,808,-131876
457,informed,44,834,-124001
458,informed,44,703,-123777
459,informed,44,723,-74593
460,informed,44,662,-43743
461,informed,44,787,-87472
462,informed,44,1306,-68515
463,informed,44,1051,-100386
464,informed,44,1077,-160155
465,informed,44,618,-109360
466,informed,44,760,-59311
467,informed,44,528,-90564
468,informed,44,746,-139871
469,informed,44,1147,-37992
470,informed,44,1024,-141996
471,informed,44,1042,-94635
472,informed,44,1043,-122968
473,informed,44,663,-97365
474,informed,44,793,-54302
475,informed,44,517,-78247
476,informed,44,816,-86334
477,informed,44,766,-214275
478,informed,44,714,-41876
479,informed,44,788,-123419
480,informed,44,1299,-146681
481,informed,44,1097,-84190
482,informed,44,1176,-75989
483,informed,44,713,-84555
484,informed,44,753,-128254
485,informed,44,688,-87097
486,informed,44,449,-79486
487,informed,44,946,-106402
488,informed,44,986,-53867
489,informed,44,674,-94559
490,informed,44,385,-165171
491,informed,44,1019,-103021
492,informed,44,638,-80382
493,informed,44,911,-128981
494,informed,44,403,-201639
495,informed,44,714,-155604
496,informed,44,977,-171404
497,informed,44,1589,-126940
498,informed,44,617,-124739
499,informed,44,617,-93853
500,round-robin,44,831,-109388
501,round-robin,44,918,-127186
502,round-robin,44,462,-93826
503,round-robin,44,1112,-81618
504,round-robin,44,799,-94217
505,round-robin,44,551,-137140
506,round-robin,44,808,-131876
507,round-robin,44,834,-124001
508,round-robin,44,703,-123777
509,round-robin,44,723,-74593
510,round-robin,44,662,-43743
511,round-robin,44,787,-87472
512,round-robin,44,1306,-68515
513,round-robin,44,1051,-100386
514,round-robin,44,1077,-160155
515,round-robin,44,618,-109360
516,round-robin,44,760,-59311
517,round-robin,44,528,-90564
518,round-robin,44,746,-139871
519,round-robin,44,1147,-37992
520,round-robin,44,1024,-141996
521,round-robin,44,1042,-94635
522,round-robin,44,1043,-122968
523,round-robin,44,663,-97365
524,round-robin,44,793,-54302
525,round-robin,44,517,-78247
526,round-robin,44,816,-86334
527,round-robin,44,766,-214275
528,round-robin,44,714,-41876
529,round-robin,44,788,-123419
530,round-robin,44,1299,-146681
531,round-robin,44,1097,-84190
532,round-robin,44,1176,-75989
533,round-robin,44,713,-84555
534,round-robin,44,753,-128254
535,round-robin,44,688,-87097
536,round-robin,44,449,-79486
537,round-robin,44,946,-106402
538,round-robin,44,986,-53867
539,round-robin,44,674,-94559
540,round-robin,44,385,-165171
541,round-robin,44,1019,-103021
542,round-robin,44,638,-80382
543,round-robin,44,911,-128981
544,round-robin,44,403,-201639
545,round-robin,44,714,-155604
546,round-robin,44,977,-171404
547,round-robin,44,1589,-126940
548,round-robin,44,617,-124739
549,round-robin,44,617,-93853
550,random,44,831,-109388
551,random,44,918,-127186
552,random,44,462,-93826
553,random,44,1112,-81618
554,random,44,799,-94217
555,random,44,551,-137140
556,random,44,808,-131876
557,random,44,834,-124001
558,random,44,703,-123777
559,random,44,723,-74593
560,random,44,662,-43743
561,random,44,787,-87472
562,random,44,1306,-68515
563,random,44,1051,-100386
564,random,44,1077,-160155
565,random,44,618,-109360
566,random,44,760,-59311
567,random,44,528,-90564
568,random,44,746,-139871
569,random,44,1147,-37992
570,random,44,1024,-141996
571,random,44,1042,-94635
572,random,44,1043,-122968
573,random,44,663,-97365
574,random,44,793,-54302
575,random,44,517,-78247
576,random,44,816,-86334
577,random,44,766,-214275
578,random,44,714,-41876
579,random,44,788,-123419
580,random,44,1299,-146681
581,random,44,1097,-84190
582,random,44,1176,-75989
583,random,44,713,-84555
584,random,44,753,-128254
585,random,44,688,-87097
586,random,44,449,-79486
587,random,44,946,-106402
588,random,44,986,-53867
589,random,44,674,-94559
590,random,44,385,-165171
591,random,44,1019,-103021
592,random,44,638,-80382
593,random,44,911,-128981
594,random,44,403,-201639
595,random,44,714,-155604
596,random,44,977,-171404
597,random,44,1589,-126940
598,random,44,617,-124739
599,random,44,617,-93853
600,well-informed,56,461,-98150
601,well-informed,56,429,-118633
602,well-informed,56,533,-89827
603,well-informed,56,402,-165521
604,well-informed,56,497,-102531
605,well-informed,56,1020,-112629
606,well-informed,56,502,-96419
607,well-informed,56,354,-133667
608,well-informed,56,749,-109580
609,well-informed,56,474,-76855
610,well-informed,56,357,-169844
611,well-informed,56,513,-86260
612,well-informed,56,510,-55037
613,well-informed,56,414,-152052
614,well-informed,56,426,-102839
615,well-informed,56,489,-96214
616,well-informed,56,468,-146594
617,well-informed,56,616,-84651
618,well-informed,56,453,-235144
619,well-informed,56,450,-117206
620,well-informed,56,864,-199476
621,well-informed,56,560,-102888
622,well-informed,56,471,-97324
623,well-informed,56,289,-172672
624,well-informed,56,439,-68382
625,well-informed,56,606,-90843
626,well-informed,56,500,-123632
627,well-informed,56,337,-145414
628,well-informed,56,486,-83813
629,well-informed,56,388,-88337
630,well-informed,56,285,-118480
631,well-informed,56,523,-112286
632,well-informed,56,435,-133970
633,well-informed,56,252,-105290
634,well-informed,56,662,-132116
635,well-informed,56,363,-101291
636,well-informed,56,319,-109320
637,well-informed,56,464,-91238
638,well-informed,56,977,-143947
639,well-informed,56,278,-150546
640,well-informed,56,555,-75834
641,well-informed,56,421,-121771
642,well-informed,56,521,-84745
643,well-informed,56,469,-128233
644,well-informed,56,385,-180016
645,well-informed,56,746,-88984
646,well-informed,56,546,-147617
647,well-informed,56,488,-126014
648,well-informed,56,455,-145656
649,well-informed,56,727,-120940
650,informed,56,461,-98150
651,informed,56,429,-118633
652,informed,56,533,-89827
653,informed,56,402,-165521
654,informed,56,497,-102531
655,informed,56,1020,-112629
656,informed,56,502,-96419
657,informed,56,354,-133667
658,informed,56,749,-109580
659,informed,56,474,-76855
660,informed,56,357,-169844
661,informed,56,513,-86260
662,informed,56,510,-55037
663,informed,56,414,-152052
664,informed,56,426,-102839
665,informed,56,489,-96214
666,informed,56,468,-146594
667,informed,56,616,-84651
668,informed,56,453,-235144
669,informed,56,450,-117206
670,informed,56,864,-199476
671,informed,56,560,-102888
672,informed,56,471,-97324
673,informed,56,289,-172672
674,informed,56,439,-68382
675,informed,56,606,-90843
676,informed,56,500,-123632
677,informed,56,337,-145414
678,informed,56,486,-83813
679,informed,56,388,-88337
680,informed,56,285,-118480
681,informed,56,523,-112286
682,informed,56,435,-133970
683,informed,56,252,-105290
684,informed,56,662,-132116
685,informed,56,363,-101291
686,informed,56,319,-109320
687,informed,56,464,-91238
688,informed,56,977,-143947
689,informed,56,278,-150546
690,informed,56,555,-75834
691,informed,56,421,-121771
692,informed,56,521,-84745
693,informed,56,469,-128233
694,informed,56,385,-180016
695,informed,56,746,-88984
696,informed,56,546,-147617
697,informed,56,488,-126014
698,informed,56,455,-145656
699,informed,56,727,-120940
700,round-robin,56,461,-98150
701,round-robin,56,429,-118633
702,round-robin,56,533,-89827
703,round-robin,56,402,-165521
704,round-robin,56,497,-102531
705,round-robin,56,1020,-112629
706,round-robin,56,502,-96419
707,round-robin,56,354,-133667
708,round-robin,56,749,-109580
709,round-robin,56,474,-76855
710,round-robin,56,357,-169844
711,round-robin,56,513,-86260
712,round-robin,56,510,-55037
713,round-robin,56,414,-152052
714,round-robin,56,426,-102839
715,round-robin,56,489,-96214
716,round-robin,56,468,-146594
717,round-robin,56,616,-84651
718,round-robin,56,453,-235144
719,round-robin,56,450,-117206
720,round-robin,56,864,-199476
721,round-robin,56,560,-102888
722,round-robin,56,471,-97324
723,round-robin,56,289,-172672
724,round-robin,56,439,-68382
725,round-robin,56,606,-90843
726,round-robin,56,500,-123632
727,round-robin,56,337,-145414
728,round-robin,56,486,-83813
729,round-robin,56,388,-88337
730,round-robin,56,285,-118480
731,round-robin,56,523,-112286
732,round-robin,56,435,-133970
733,round-robin,56,252,-105290
734,round-robin,56,662,-132116
735,round-robin,56,363,-101291
736,round-robin,56,319,-109320
737,round-robin,56,464,-91238
738,round-robin,56,977,-143947
739,round-robin,56,278,-150546
740,round-robin,56,555,-75834
741,round-robin,56,421,-121771
742,round-robin,56,521,-84745
743,round-robin,56,469,-128233
744,round-robin,56,385,-180016
745,round-robin,56,746,-88984
746,round-robin,56,546,-147617
747,round-robin,56,488,-126014
748,round-robin,56,455,-145656
749,round-robin,56,727,-120940
750,random,56,461,-98150
751,random,56,429,-118633
752,random,56,533,-89827
753,random,56,402,-165521
754,random,56,497,-102531
755,random,56,1020,-112629
756,random,56,502,-96419
757,random,56,354,-133667
758,random,56,749,-109580
759,random,56,474,-76855
760,random,56,357,-169844
761,random,56,513,-86260
762,random,56,510,-55037
763,random,56,414,-152052
764,random,56,426,-102839
765,random,56,489,-96214
766,random,56,468,-146594
767,random,56,616,-84651
768,random,56,453,-235144
769,random,56,450,-117206
770,random,56,864,-199476
771,random,56,560,-102888
772,random,56,471,-97324
773,random,56,289,-172672
774,random,56,439,-68382
775,random,56,606,-90843
776,random,56,500,-123632
777,random,56,337,-145414
778,random,56,486,-83813
779,random,56,388,-88337
780,random,56,285,-118480
781,random,56,523,-112286
782,random,56,435,-133970
783,random,56,252,-105290
784,random,56,662,-132116
785,random,56,363,-101291
786,random,56,319,-109320
787,random,56,464,-91238
788,random,56,977,-143947
789,random,56,278,-150546
790,random,56,555,-75834
791,random,56,421,-121771
792,random,56,521,-84745
793,random,56,469,-128233
794,random,56,385,-180016
795,random,56,746,-88984
796,random,56,546,-147617
797,random,56,488,-126014
798,random,56,455,-145656
799,random,56,727,-120940
800,well-informed,62,350,-194331
801,well-informed,62,704,-107442
802,well-informed,62,411,-202483
803,well-informed,62,511,-132849
804,well-informed,62,514,-209967
805,well-informed,62,482,-173383
806,well-informed,62,829,-93237
807,well-informed,62,539,-147103
808,well-informed,62,394,-101406
809,well-informed,62,563,-116283
810,well-informed,62,395,-95230
811,well-informed,62,516,-107539
812,well-informed,62,608,-112131
813,well-informed,62,408,-122391
814,well-informed,62,569,-126551
815,well-informed,62,448,-107575
816,well-informed,62,314,-208639
817,well-informed,62,384,-121130
818,well-informed,62,465,-70613
819,well-informed,62,343,-233333
820,well-informed,62,394,-140160
821,well-informed,62,543,-144317
822,well-informed,62,360,-187556
823,well-informed,62,746,-69814
824,well-informed,62,449,-126827
825,well-informed,62,454,-73085
826,well-informed,62,423,-150703
827,well-informed,62,882,-115702
828,well-informed,62,945,-209511
829,well-informed,62,483,-148667
830,well-informed,62,321,-71479
831,well-informed,62,418,-142746
832,well-informed,62,493,-89329
833,well-informed,62,355,-94258
834,well-informed,62,958,-107658
835,well-informed,62,285,-189993
836,well-informed,62,616,-126447
837,well-informed,62,379,-90764
838,well-informed,62,433,-186581
839,well-informed,62,271,-84088
840,well-informed,62,527,-153291
841,well-informed,62,477,-102274
842,well-informed,62,1333,-121477
843,well-informed,62,471,-115408
844,well-informed,62,323,-110873
845,well-informed,62,566,-96821
846,well-informed,62,1229,-94624
847,well-informed,62,351,-140938
848,well-informed,62,581,-129193
849,well-informed,62,435,-123367
850,informed,62,350,-194331
851,informed,62,704,-107442
852,informed,62,411,-202483
853,informed,62,511,-132849
854,informed,62,514,-209967
855,informed,62,482,-173383
856,informed,62,829,-93237
857,informed,62,539,-147103
858,informed,62,394,-101406
859,informed,62,563,-116283
860,informed,62,395,-95230
861,informed,62,516,-107539
862,informed,62,608,-112131
863,informed,62,408,-122391
864,informed,62,569,-126551
865,informed,62,448,-107575
866,informed,62,314,-208639
867,informed,62,384,-121130
868,informed,62,465,-70613
869,informed,62,343,-233333
870,informed,62,394,-140160
871,informed,62,543,-144317
872,informed,62,360,-187556
873,informed,62,746,-69814
874,informed,62,449,-126827
875,informed,62,454,-73085
876,informed,62,423,-150703
877,informed,62,882,-115702
878,informed,62,945,-209511
879,informed,62,483,-148667
880,informed,62,321,-71479
881,informed,62,418,-142746
882,informed,62,493,-89329
883,informed,62,355,-94258
884,informed,62,958,-107658
885,informed,62,285,-189993
886,informed,62,616,-126447
887,informed,62,379,-90764
888,informed,62,433,-186581
889,informed,62,271,-84088
890,informed,62,527,-153291
891,informed,62,477,-102274
892,informed,62,1333,-121477
893,informed,62,471,-115408
894,informed,62,323,-110873
895,informed,62,566,-96821
896,informed,62,1229,-94624
897,informed,62,351,-140938
898,informed,62,581,-129193
899,informed,62,435,-123367
900,round-robin,62,350,-194331
901,round-robin,62,704,-107442
902,round-robin,62,411,-202483
903,round-robin,62,511,-132849
904,round-robin,62,514,-209967
905,round-robin,62,482,-173383
906,round-robin,62,829,-93237
907,round-robin,62,539,-147103
908,round-robin,62,394,-101406
909,round-robin,62,563,-116283
910,round-robin,62,395,-95230
911,round-robin,62,516,-107539
912,round-robin,62,608,-112131
913,round-robin,62,408,-122391
914,round-robin,62,569,-126551
915,round-robin,62,448,-107575
916,round-robin,62,314,-208639
917,round-robin,62,384,-121130
918,round-robin,62,465,-70613
919,round-robin,62,343,-233333
920,round-robin,62,394,-140160
921,round-robin,62,543,-144317
922,round-robin,62,360,-187556
923,round-robin,62,746,-69814
924,round-robin,62,449,-126827
925,round-robin,62,454,-73085
926,round-robin,62,423,-150703
927,round-robin,62,882,-115702
928,round-robin,62,945,-209511
929,round-robin,62,483,-148667
930,round-robin,62,321,-71479
931,round-robin,62,418,-142746
932,round-robin,62,493,-89329
933,round-robin,62,355,-94258
934,round-robin,62,958,-107658
935,round-robin,62,285,-189993
936,round-robin,62,616,-126447
937,round-robin,62,379,-90764
938,round-robin,62,433,-186581
939,round-robin,62,271,-84088
940,round-robin,62,527,-153291
941,round-robin,62,477,-102274
942,round-robin,62,1333,-121477
943,round-robin,62,471,-115408
944,round-robin,62,323,-110873
945,round-robin,62,566,-96821
946,round-robin,62,1229,-94624
947,round-robin,62,351,-140938
948,round-robin,62,581,-129193
949,round-robin,62,435,-123367
950,random,62,350,-194331
951,random,62,704,-107442
952,random,62,411,-202483
953,random,62,511,-132849
954,random,62,514,-209967
955,random,62,482,-173383
956,random,62,829,-93237
957,random,62,539,-147103
958,random,62,394,-101406
959,random,62,563,-116283
960,random,62,395,-95230
961,random,62,516,-107539
962,random,62,608,-112131
963,random,62,408,-122391
964,random,62,569,-126551
965,random,62,448,-107575
966,random,62,314,-208639
967,random,62,384,-121130
968,random,62,465,-70613
969,random,62,343,-233333
970,random,62,394,-140160
971,random,62,543,-144317
972,random,62,360,-187556
973,random,62,746,-69814
974,random,62,449,-126827
975,random,62,454,-73085
976,random,62,423,-150703
977,random,62,882,-115702
978,random,62,945,-209511
979,random,62,483,-148667
980,random,62,321,-71479
981,random,62,418,-142746
982,random,62,493,-89329
983,random,62,355,-94258
984,random,62,958,-107658
985,random,62,285,-189993
986,random,62,616,-126447
987,random,62,379,-90764
988,random,62,433,-186581
989,random,62,271,-84088
990,random,62,527,-153291
991,random,62,477,-102274
992,random,62,1333,-121477
993,random,62,471,-115408
994,random,62,323,-110873
995,random,62,566,-96821
996,random,62,1229,-94624
997,random,62,351,-140938
998,random,62,581,-129193
999,random,62,435,-123367
1000,well-informed,65,456,-135415
1001,well-informed,65,628,-170103
1002,well-informed,65,559,-111090
1003,well-informed,65,446,-166725
1004,well-informed,65,1076,-170306
1005,well-informed,65,613,-146806
1006,well-informed,65,439,-170101
1007,well-informed,65,848,-115793
1008,well-informed,65,935,-241443
1009,well-informed,65,592,-111659
1010,well-informed,65,367,-140134
1011,well-informed,65,572,-126136
1012,well-informed,65,663,-136427
1013,well-informed,65,717,-137021
1014,well-informed,65,1075,-160714
1015,well-informed,65,382,-130650
1016,well-informed,65,658,-219113
1017,well-informed,65,681,-65033
1018,well-informed,65,443,-157392
1019,well-informed,65,862,-95315
1020,well-informed,65,1199,-149783
1021,well-informed,65,740,-161801
1022,well-informed,65,669,-152062
1023,well-informed,65,757,-73621
1024,well-informed,65,764,-113619
1025,well-informed,65,689,-150712
1026,well-informed,65,766,-132819
1027,well-informed,65,1026,-126313
1028,well-informed,65,594,-136583
1029,well-informed,65,588,-94867
1030,well-informed,65,928,-154247
1031,well-informed,65,809,-107371
1032,well-informed,65,929,-135667
1033,well-informed,65,459,-166065
1034,well-informed,65,603,-102722
1035,well-informed,65,717,-111506
1036,well-informed,65,640,-154397
1037,well-informed,65,632,-142774
1038,well-informed,65,838,-80100
1039,well-informed,65,862,-102804
1040,well-informed,65,876,-104841
1041,well-informed,65,500,-130467
1042,well-informed,65,445,-83527
1043,well-informed,65,667,-114507
1044,well-informed,65,573,-130404
1045,well-informed,65,646,-82620
1046,well-informed,65,849,-110439
1047,well-informed,65,357,-147381
1048,well-informed,65,346,-151965
1049,well-informed,65,306,-125605
1050,informed,65,456,-135415
1051,informed,65,628,-170103
1052,informed,65,559,-111090
1053,informed,65,446,-166725
1054,informed,65,1076,-170306
1055,informed,65,613,-146806
1056,informed,65,439,-170101
1057,informed,65,848,-115793
1058,informed,65,935,-241443
1059,informed,65,592,-111659
1060,informed,65,367,-140134
1061,informed,65,572,-126136
1062,informed,65,663,-136427
1063,informed,65,717,-137021
1064,informed,65,1075,-160714
1065,informed,65,382,-130650
1066,informed,65,658,-219113
1067,informed,65,681,-65033
1068,informed,65,443,-157392
1069,informed,65,862,-95315
1070,informed,65,1199,-149783
1071,informed,65,740,-161801
1072,informed,65,669,-152062
1073,informed,65,757,-73621
1074,informed,65,764,-113619
1075,informed,65,689,-150712
1076,informed,65,766,-132819
1077,informed,65,1026,-126313
1078,informed,65,594,-136583
1079,informed,65,588,-94867
1080,informed,65,928,-154247
1081,informed,65,809,-107371
1082,informed,65,929,-135667
1083,informed,65,459,-166065
1084,informed,65,603,-102722
1085,informed,65,717,-111506
1086,informed,65,640,-154397
1087,informed,65,632,-142774
1088,informed,65,838,-80100
1089,informed,65,862,-102804
1090,informed,65,876,-104841
1091,informed,65,500,-130467
1092,informed,65,445,-83527
1093,informed,65,667,-114507
1094,informed,65,573,-130404
1095,informed,65,646,-82620
1096,informed,65,849,-110439
1097,informed,65,357,-147381
1098,informed,65,346,-151965
1099,informed,65,306,-125605
1100,round-robin,65,456,-135415
1101,round-robin,65,628,-170103
1102,round-robin,65,559,-111090
1103,round-robin,65,446,-166725
1104,round-robin,65,1076,-170306
1105,round-robin,65,613,-146806
1106,round-robin,65,439,-170101
1107,round-robin,65,848,-115793
1108,round-robin,65,935,-241443
1109,round-robin,65,592,-111659
1110,round-robin,65,367,-140134
1111,round-robin,65,572,-126136
1112,round-robin,65,663,-136427
1113,round-robin,65,717,-137021
1114,round-robin,65,1075,-160714
1115,round-robin,65,382,-130650
1116,round-robin,65,658,-219113
1117,round-robin,65,681,-65033
1118,round-robin,65,443,-157392
1119,round-robin,65,862,-95315
1120,round-robin,65,1199,-149783
1121,round-robin,65,740,-161801
1122,round-robin,65,669,-152062
1123,round-robin,65,757,-73621
1124,round-robin,65,764,-113619
1125,round-robin,65,689,-150712
1126,round-robin,65,766,-132819
1127,round-robin,65,1026,-126313
1128,round-robin,65,594,-136583
1129,round-robin,65,588,-94867
1130,round-robin,65,928,-154247
1131,round-robin,65,809,-107371
1132,round-robin,65,929,-135667
1133,round-robin,65,459,-166065
1134,round-robin,65,603,-102722
1135,round-robin,65,717,-111506
1136,round-robin,65,640,-154397
1137,round-robin,65,632,-142774
1138,round-robin,65,838,-80100
1139,round-robin,65,862,-102804
1140,round-robin,65,876,-104841
1141,round-robin,65,500,-130467
1142,round-robin,65,445,-83527
1143,round-robin,65,667,-114507
1144,round-robin,65,573,-130404
1145,round-robin,65,646,-82620
1146,round-robin,65,849,-110439
1147,round-robin,65,357,-147381
1148,round-robin,65,346,-151965
1149,round-robin,65,306,-125605
1150,random,65,456,-135415
1151,random,65,628,-170103
1152,random,65,559,-111090
1153,random,65,446,-166725
1154,random,65,1076,-170306
1155,random,65,613,-146806
1156,random,65,439,-170101
1157,random,65,848,-115793
1158,random,65,935,-241443
1159,random,65,592,-111659
1160,random,65,367,-140134
1161,random,65,572,-126136
1162,random,65,663,-136427
1163,random,65,717,-137021
1164,random,65,1075,-160714
1165,random,65,382,-130650
1166,random,65,658,-219113
1167,random,65,681,-65033
1168,random,65,443,-157392
1169,random,65,862,-95315
1170,random,65,1199,-149783
1171,random,65,740,-161801
1172,random,65,669,-152062
1173,random,65,757,-73621
1174,random,65,764,-113619
1175,random,65,689,-150712
1176,random,65,766,-132819
1177,random,65,1026,-126313
1178,random,65,594,-136583
1179,random,65,588,-94867
1180,random,65,928,-154247
1181,random,65,809,-107371
1182,random,65,929,-135667
1183,random,65,459,-166065
1184,random,65,603,-102722
1185,random,65,717,-111506
1186,random,65,640,-154397
1187,random,65,632,-142774
1188,random,65,838,-80100
1189,random,65,862,-102804
1190,random,65,876,-104841
1191,random,65,500,-130467
1192,random,65,445,-83527
1193,random,65,667,-114507
1194,random,65,573,-130404
1195,random,65,646,-82620
1196,random,65,849,-110439
1197,random,65,357,-147381
1198,random,65,346,-151965
1199,random,65,306,-125605
1200,well-informed,78,762,-176491
1201,well-informed,78,1348,-188393
1202,well-informed,78,729,-89822
1203,well-informed,78,638,-200886
1204,well-informed,78,1057,-200414
1205,well-informed,78,1591,-173085
1206,well-informed,78,1210,-155491
1207,well-informed,78,1540,-209994
1208,well-informed,78,873,-115303
1209,well-informed,78,1299,-148754
1210,well-informed,78,756,-140099
1211,well-informed,78,1472,-78997
1212,well-informed,78,1622,-147181
1213,well-informed,78,1055,-135367
1214,well-informed,78,1024,-114625
1215,well-informed,78,710,-197644
1216,well-informed,78,984,-139596
1217,well-informed,78,818,-175116
1218,well-informed,78,1165,-193021
1219,well-informed,78,1325,-107715
1220,well-informed,78,1622,-140010
1221,well-informed,78,1118,-183757
1222,well-informed,78,953,-98500
1223,well-informed,78,1005,-188502
1224,well-informed,78,908,-237409
1225,well-informed,78,897,-141068
1226,well-informed,78,1174,-92492
1227,well-informed,78,607,-79474
1228,well-informed,78,1004,-150610
1229,well-informed,78,676,-155006
1230,well-informed,78,924,-136786
1231,well-informed,78,1198,-264852
1232,well-informed,78,1061,-203872
1233,well-informed,78,843,-182170
1234,well-informed,78,1266,-185071
1235,well-informed,78,911,-179645
1236,well-informed,78,845,-198305
1237,well-informed,78,1139,-161357
1238,well-informed,78,1262,-275949
1239,well-informed,78,1043,-200631
1240,well-informed,78,1323,-111716
1241,well-informed,78,1812,-128975
1242,well-informed,78,1414,-72134
1243,well-informed,78,1094,-246131
1244,well-informed,78,1327,-216137
1245,well-informed,78,1375,-153012
1246,well-informed,78,838,-189007
1247,well-informed,78,1119,-206117
1248,well-informed,78,682,-295176
1249,well-informed,78,1453,-199756
1250,informed,78,762,-176491
1251,informed,78,1348,-188393
1252,informed,78,729,-89822
1253,informed,78,638,-200886
1254,informed,78,1057,-200414
1255,informed,78,1591,-173085
1256,informed,78,1210,-155491
1257,informed,78,1540,-209994
1258,informed,78,873,-115303
1259,informed,78,1299,-148754
1260,informed,78,756,-140099
1261,informed,78,1472,-78997
1262,informed,78,1622,-147181
1263,informed,78,1055,-135367
1264,informed,78,1024,-114625
1265,informed,78,710,-197644
1266,informed,78,984,-139596
1267,informed,78,818,-175116
1268,informed,78,1165,-193021
1269,informed,78,1325,-107715
1270,informed,78,1622,-140010
1271,informed,78,1118,-183757
1272,informed,78,953,-98500
1273,informed,78,1005,-188502
1274,informed,78,908,-237409
1275,informed,78,897,-141068
1276,informed,78,1174,-92492
1277,informed,78,607,-79474
1278,informed,78,1004,-150610
1279,informed,78,676,-155006
1280,informed,78,924,-136786
1281,informed,78,1198,-264852
1282,informed,78,1061,-203872
1283,informed,78,843,-182170
1284,informed,78,1266,-185071
1285,informed,78,911,-179645
1286,informed,78,845,-198305
1287,informed,78,1139,-161357
1288,informed,78,1262,-275949
1289,informed,78,1043,-200631
1290,informed,78,1323,-111716
1291,informed,78,1812,-128975
1292,informed,78,1414,-72134
1293,informed,78,1094,-246131
1294,informed,78,1327,-216137
1295,informed,78,1375,-153012
1296,informed,78,838,-189007
1297,informed,78,1119,-206117
1298,informed,78,682,-295176
1299,informed,78,1453,-199756
1300,round-robin,78,762,-176491
1301,round-robin,78,1348,-188393
1302,round-robin,78,729,-89822
1303,round-robin,78,638,-200886
1304,round-robin,78,1057,-200414
1305,round-robin,78,1591,-173085
1306,round-robin,78,1210,-155491
1307,round-robin,78,1540,-209994
1308,round-robin,78,873,-115303
1309,round-robin,78,1299,-148754
1310,round-robin,78,756,-140099
1311,round-robin,78,1472,-78997
1312,round-robin,78,1622,-147181
1313,round-robin,78,1055,-135367
1314,round-robin,78,1024,-114625
1315,round-robin,78,710,-197644
1316,round-robin,78,984,-139596
1317,round-robin,78,818,-175116
1318,round-robin,78,1165,-193021
1319,round-robin,78,1325,-107715
1320,round-robin,78,1622,-140010
1321,round-robin,78,1118,-183757
1322,round-robin,78,953,-98500
1323,round-robin,78,1005,-188502
1324,round-robin,78,908,-237409
1325,round-robin,78,897,-141068
1326,round-robin,78,1174,-92492
1327,round-robin,78,607,-79474
1328,round-robin,78,1004,-150610
1329,round-robin,78,676,-155006
1330,round-robin,78,924,-136786
1331,round-robin,78,1198,-264852
1332,round-robin,78,1061,-203872
1333,round-robin,78,843,-182170
1334,round-robin,78,1266,-185071
1335,round-robin,78,911,-179645
1336,round-robin,78,845,-198305
1337,round-robin,78,1139,-161357
1338,round-robin,78,1262,-275949
1339,round-robin,78,1043,-200631
1340,round-robin,78,1323,-111716
1341,round-robin,78,1812,-128975
1342,round-robin,78,1414,-72134
1343,round-robin,78,1094,-246131
1344,round-robin,78,1327,-216137
1345,round-robin,78,1375,-153012
1346,round-robin,78,838,-189007
1347,round-robin,78,1119,-206117
1348,round-robin,78,682,-295176
1349,round-robin,78,1453,-199756
1350,random,78,762,-176491
1351,random,78,1348,-188393
1352,random,78,729,-89822
1353,random,78,638,-200886
1354,random,78,1057,-200414
1355,random,78,1591,-173085
1356,random,78,1210,-155491
1357,random,78,1540,-209994
1358,random,78,873,-115303
1359,random,78,1299,-148754
1360,random,78,756,-140099
1361,random,78,1472,-78997
1362,random,78,1622,-147181
1363,random,78,1055,-135367
1364,random,78,1024,-114625
1365,random,78,710,-197644
1366,random,78,984,-139596
1367,random,78,818,-175116
1368,random,78,1165,-193021
1369,random,78,1325,-107715
1370,random,78,1622,-140010
1371,random,78,1118,-183757
1372,random,78,953,-98500
1373,random,78,1005,-188502
1374,random,78,908,-237409
1375,random,78,897,-141068
1376,random,78,1174,-92492
1377,random,78,607,-79474
1378,random,78,1004,-150610
1379,random,78,676,-155006
1380,random,78,924,-136786
1381,random,78,1198,-264852
1382,random,78,1061,-203872
1383,random,78,843,-182170
1384,random,78,1266,-185071
1385,random,78,911,-179645
1386,random,78,845,-198305
1387,random,78,1139,-161357
1388,random,78,1262,-275949
1389,random,78,1043,-200631
1390,random,78,1323,-111716
1391,random,78,1812,-128975
1392,random,78,1414,-72134
1393,random,78,1094,-246131
1394,random,78,1327,-216137
1395,random,78,1375,-153012
1396,random,78,838,-189007
1397,random,78,1119,-206117
1398,random,78,682,-295176
1399,random,78,1453,-199756
