,Agent,Graph size,Episode lengths,Returns
0,R2D2,7,76,150
1,R2D2,7,135,268
2,R2D2,7,8,15
3,R2D2,7,146,-16704
4,R2D2,7,138,-13280
5,R2D2,7,41,-7365
6,R2D2,7,13,-17171
7,R2D2,7,61,-24690
8,R2D2,7,123,245
9,R2D2,7,13,25
10,rule-based,7,101,201
11,rule-based,7,78,155
12,rule-based,7,334,667
13,rule-based,7,115,229
14,rule-based,7,58,115
15,rule-based,7,26,51
16,rule-based,7,308,615
17,rule-based,7,352,703
18,rule-based,7,54,107
19,rule-based,7,65,129
20,random,7,62,5
21,random,7,19,1
22,random,7,21,0
23,random,7,7,8
24,random,7,8,2
25,random,7,8,1
26,random,7,20,1
27,random,7,3,0
28,random,7,18,2
29,random,7,4,0
30,R2D2,7,60,119
31,R2D2,7,108,215
32,R2D2,7,20,39
33,R2D2,7,105,209
34,R2D2,7,13,25
35,R2D2,7,17,33
36,R2D2,7,12,23
37,R2D2,7,263,-5725
38,R2D2,7,9,15
39,R2D2,7,75,148
40,rule-based,7,146,291
41,rule-based,7,169,337
42,rule-based,7,178,355
43,rule-based,7,20,39
44,rule-based,7,278,555
45,rule-based,7,293,585
46,rule-based,7,86,171
47,rule-based,7,71,141
48,rule-based,7,170,339
49,rule-based,7,133,265
50,random,7,6,0
51,random,7,10,9
52,random,7,7,0
53,random,7,6,7
54,random,7,9,1
55,random,7,19,2
56,random,7,13,5
57,random,7,4,0
58,random,7,3,0
59,random,7,8,3
60,R2D2,7,22,22
61,R2D2,7,3,3
62,R2D2,7,3,3
63,R2D2,7,14,14
64,R2D2,7,33,33
65,R2D2,7,10,10
66,R2D2,7,22,22
67,R2D2,7,3,3
68,R2D2,7,4,4
69,R2D2,7,16,16
70,rule-based,7,56,111
71,rule-based,7,88,175
72,rule-based,7,172,343
73,rule-based,7,138,275
74,rule-based,7,217,433
75,rule-based,7,18,35
76,rule-based,7,47,93
77,rule-based,7,30,59
78,rule-based,7,19,37
79,rule-based,7,76,151
80,random,7,22,9
81,random,7,3,0
82,random,7,3,0
83,random,7,14,0
84,random,7,33,0
85,random,7,10,0
86,random,7,22,4
87,random,7,3,0
88,random,7,5,8
89,random,7,12,8
90,R2D2,7,19,37
91,R2D2,7,91,180
92,R2D2,7,15,-19177
93,R2D2,7,76,-22099
94,R2D2,7,48,95
95,R2D2,7,27,53
96,R2D2,7,14,-755
97,R2D2,7,26,-4152
98,R2D2,7,33,65
99,R2D2,7,41,-838
100,rule-based,7,73,145
101,rule-based,7,59,117
102,rule-based,7,31,61
103,rule-based,7,77,153
104,rule-based,7,33,65
105,rule-based,7,29,57
106,rule-based,7,142,283
107,rule-based,7,106,211
108,rule-based,7,37,73
109,rule-based,7,99,197
110,random,7,15,0
111,random,7,5,2
112,random,7,12,4
113,random,7,4,6
114,random,7,3,2
115,random,7,6,8
116,random,7,10,0
117,random,7,12,1
118,random,7,9,4
119,random,7,14,2
120,R2D2,7,18,35
121,R2D2,7,55,-15665
122,R2D2,7,43,4
123,R2D2,7,138,274
124,R2D2,7,12,21
125,R2D2,7,17,-6843
126,R2D2,7,5,8
127,R2D2,7,74,146
128,R2D2,7,40,-5457
129,R2D2,7,32,54
130,rule-based,7,154,307
131,rule-based,7,79,157
132,rule-based,7,195,389
133,rule-based,7,74,147
134,rule-based,7,181,361
135,rule-based,7,88,175
136,rule-based,7,287,573
137,rule-based,7,119,237
138,rule-based,7,142,283
139,rule-based,7,79,157
140,random,7,3,4
141,random,7,43,2
142,random,7,15,0
143,random,7,4,0
144,random,7,16,0
145,random,7,7,2
146,random,7,12,1
147,random,7,8,2
148,random,7,17,3
149,random,7,7,0
150,R2D2,7,33,65
151,R2D2,7,54,-10082
152,R2D2,7,23,44
153,R2D2,7,12,23
154,R2D2,7,65,129
155,R2D2,7,21,-2437
156,R2D2,7,47,92
157,R2D2,7,45,89
158,R2D2,7,62,122
159,R2D2,7,62,-7052
160,rule-based,7,489,977
161,rule-based,7,267,533
162,rule-based,7,98,195
163,rule-based,7,10,19
164,rule-based,7,57,113
165,rule-based,7,21,41
166,rule-based,7,120,239
167,rule-based,7,36,71
168,rule-based,7,97,193
169,rule-based,7,23,45
170,random,7,7,1
171,random,7,13,0
172,random,7,9,0
173,random,7,3,2
174,random,7,9,0
175,random,7,17,1
176,random,7,16,0
177,random,7,7,3
178,random,7,58,12
179,random,7,8,2
180,R2D2,7,56,111
181,R2D2,7,47,93
182,R2D2,7,28,55
183,R2D2,7,25,16
184,R2D2,7,80,158
185,R2D2,7,6,9
186,R2D2,7,31,20
187,R2D2,7,43,84
188,R2D2,7,70,138
189,R2D2,7,16,-3151
190,rule-based,7,120,239
191,rule-based,7,44,87
192,rule-based,7,21,41
193,rule-based,7,212,423
194,rule-based,7,564,1127
195,rule-based,7,152,303
196,rule-based,7,17,33
197,rule-based,7,145,289
198,rule-based,7,32,63
199,rule-based,7,128,255
200,random,7,13,3
201,random,7,9,0
202,random,7,3,4
203,random,7,6,2
204,random,7,15,0
205,random,7,5,0
206,random,7,3,3
207,random,7,5,0
208,random,7,3,3
209,random,7,7,0
210,R2D2,7,97,-3792
211,R2D2,7,54,107
212,R2D2,7,170,-3357
213,R2D2,7,131,260
214,R2D2,7,44,-8166
215,R2D2,7,138,275
216,R2D2,7,47,93
217,R2D2,7,19,37
218,R2D2,7,30,58
219,R2D2,7,103,-431
220,rule-based,7,97,193
221,rule-based,7,102,203
222,rule-based,7,130,259
223,rule-based,7,98,195
224,rule-based,7,59,117
225,rule-based,7,28,55
226,rule-based,7,171,341
227,rule-based,7,250,499
228,rule-based,7,50,99
229,rule-based,7,59,117
230,random,7,10,1
231,random,7,23,13
232,random,7,7,1
233,random,7,4,7
234,random,7,36,2
235,random,7,16,0
236,random,7,3,4
237,random,7,12,0
238,random,7,6,6
239,random,7,3,0
240,R2D2,7,65,-5182
241,R2D2,7,34,66
242,R2D2,7,53,-17673
243,R2D2,7,92,183
244,R2D2,7,18,25
245,R2D2,7,18,34
246,R2D2,7,11,20
247,R2D2,7,23,-4090
248,R2D2,7,30,-28736
249,R2D2,7,46,-421
250,rule-based,7,65,129
251,rule-based,7,160,319
252,rule-based,7,85,169
253,rule-based,7,265,529
254,rule-based,7,170,339
255,rule-based,7,123,245
256,rule-based,7,16,31
257,rule-based,7,104,207
258,rule-based,7,81,161
259,rule-based,7,79,157
260,random,7,5,8
261,random,7,12,3
262,random,7,18,0
263,random,7,3,2
264,random,7,15,2
265,random,7,7,0
266,random,7,7,0
267,random,7,32,0
268,random,7,6,0
269,random,7,12,7
270,R2D2,7,37,72
271,R2D2,7,71,140
272,R2D2,7,63,38
273,R2D2,7,158,315
274,R2D2,7,83,164
275,R2D2,7,68,134
276,R2D2,7,75,148
277,R2D2,7,41,80
278,R2D2,7,11,21
279,R2D2,7,49,96
280,rule-based,7,214,427
281,rule-based,7,70,139
282,rule-based,7,58,115
283,rule-based,7,224,447
284,rule-based,7,185,369
285,rule-based,7,94,187
286,rule-based,7,174,347
287,rule-based,7,87,173
288,rule-based,7,28,55
289,rule-based,7,13,25
290,random,7,5,2
291,random,7,23,4
292,random,7,7,2
293,random,7,12,0
294,random,7,10,4
295,random,7,14,0
296,random,7,9,3
297,random,7,12,1
298,random,7,8,2
299,random,7,15,2
300,R2D2,27,126,-30575
301,R2D2,27,107,-34290
302,R2D2,27,139,-34021
303,R2D2,27,387,-59698
304,R2D2,27,163,-22529
305,R2D2,27,253,-91498
306,R2D2,27,49,-19320
307,R2D2,27,155,-82613
308,R2D2,27,26,-25075
309,R2D2,27,82,-34158
310,rule-based,27,217,709
311,rule-based,27,130,453
312,rule-based,27,90,324
313,rule-based,27,104,455
314,rule-based,27,229,815
315,rule-based,27,177,634
316,rule-based,27,112,463
317,rule-based,27,172,696
318,rule-based,27,87,373
319,rule-based,27,233,781
320,random,27,6,14
321,random,27,21,12
322,random,27,9,11
323,random,27,12,11
324,random,27,21,19
325,random,27,7,16
326,random,27,12,2
327,random,27,5,6
328,random,27,4,8
329,random,27,15,20
330,R2D2,27,59,-4278
331,R2D2,27,28,60
332,R2D2,27,62,-15342
333,R2D2,27,334,-62085
334,R2D2,27,359,-61079
335,R2D2,27,117,-53575
336,R2D2,27,72,-20740
337,R2D2,27,257,-36600
338,R2D2,27,59,-30193
339,R2D2,27,329,-52930
340,rule-based,27,113,461
341,rule-based,27,44,185
342,rule-based,27,173,617
343,rule-based,27,248,859
344,rule-based,27,66,276
345,rule-based,27,108,377
346,rule-based,27,61,240
347,rule-based,27,79,337
348,rule-based,27,58,262
349,rule-based,27,165,566
350,random,27,16,36
351,random,27,6,5
352,random,27,6,15
353,random,27,6,14
354,random,27,20,7
355,random,27,16,31
356,random,27,6,2
357,random,27,12,12
358,random,27,6,7
359,random,27,18,28
360,R2D2,27,124,-22180
361,R2D2,27,202,-7244
362,R2D2,27,219,640
363,R2D2,27,67,-6636
364,R2D2,27,265,-57485
365,R2D2,27,156,-69503
366,R2D2,27,119,-51079
367,R2D2,27,108,-32640
368,R2D2,27,136,-18391
369,R2D2,27,71,-44603
370,rule-based,27,182,637
371,rule-based,27,88,402
372,rule-based,27,217,756
373,rule-based,27,65,295
374,rule-based,27,84,301
375,rule-based,27,160,567
376,rule-based,27,111,418
377,rule-based,27,152,524
378,rule-based,27,163,638
379,rule-based,27,50,171
380,random,27,17,15
381,random,27,3,9
382,random,27,25,3
383,random,27,51,7
384,random,27,5,10
385,random,27,9,7
386,random,27,34,28
387,random,27,6,15
388,random,27,7,9
389,random,27,4,9
390,R2D2,27,243,-12991
391,R2D2,27,155,-9999
392,R2D2,27,156,-5931
393,R2D2,27,128,-34579
394,R2D2,27,105,-46269
395,R2D2,27,84,-38505
396,R2D2,27,155,-36855
397,R2D2,27,104,-14425
398,R2D2,27,499,-103200
399,R2D2,27,72,-35014
400,rule-based,27,219,712
401,rule-based,27,66,307
402,rule-based,27,115,386
403,rule-based,27,79,316
404,rule-based,27,293,1030
405,rule-based,27,126,572
406,rule-based,27,452,1402
407,rule-based,27,65,271
408,rule-based,27,304,1052
409,rule-based,27,175,680
410,random,27,9,9
411,random,27,9,22
412,random,27,7,13
413,random,27,5,2
414,random,27,10,6
415,random,27,21,31
416,random,27,6,6
417,random,27,6,12
418,random,27,4,7
419,random,27,28,15
420,R2D2,27,77,-3169
421,R2D2,27,111,-30331
422,R2D2,27,311,-43691
423,R2D2,27,70,-13879
424,R2D2,27,40,-2316
425,R2D2,27,272,-18127
426,R2D2,27,99,-2384
427,R2D2,27,175,-78834
428,R2D2,27,121,-21629
429,R2D2,27,31,-23879
430,rule-based,27,91,424
431,rule-based,27,148,518
432,rule-based,27,35,157
433,rule-based,27,113,389
434,rule-based,27,33,146
435,rule-based,27,82,359
436,rule-based,27,512,1674
437,rule-based,27,68,270
438,rule-based,27,134,489
439,rule-based,27,112,450
440,random,27,45,9
441,random,27,12,9
442,random,27,6,14
443,random,27,20,26
444,random,27,12,3
445,random,27,5,14
446,random,27,4,9
447,random,27,4,5
448,random,27,13,17
449,random,27,5,11
450,R2D2,27,108,-35544
451,R2D2,27,36,-5707
452,R2D2,27,310,-13732
453,R2D2,27,84,-11342
454,R2D2,27,111,-28228
455,R2D2,27,12,-11772
456,R2D2,27,331,-15637
457,R2D2,27,61,-12074
458,R2D2,27,106,-24938
459,R2D2,27,128,-46304
460,rule-based,27,100,399
461,rule-based,27,86,356
462,rule-based,27,126,576
463,rule-based,27,154,584
464,rule-based,27,167,599
465,rule-based,27,124,476
466,rule-based,27,165,563
467,rule-based,27,75,316
468,rule-based,27,65,264
469,rule-based,27,269,867
470,random,27,7,13
471,random,27,4,5
472,random,27,3,8
473,random,27,5,10
474,random,27,18,11
475,random,27,11,19
476,random,27,25,5
477,random,27,17,8
478,random,27,8,14
479,random,27,3,7
480,R2D2,27,372,-56815
481,R2D2,27,214,-41951
482,R2D2,27,85,-7001
483,R2D2,27,112,-24822
484,R2D2,27,39,169
485,R2D2,27,139,-26196
486,R2D2,27,247,-98876
487,R2D2,27,303,-61203
488,R2D2,27,243,-39298
489,R2D2,27,116,-7870
490,rule-based,27,68,273
491,rule-based,27,118,491
492,rule-based,27,139,488
493,rule-based,27,46,222
494,rule-based,27,210,759
495,rule-based,27,155,545
496,rule-based,27,76,324
497,rule-based,27,163,662
498,rule-based,27,195,655
499,rule-based,27,86,325
500,random,27,3,5
501,random,27,18,15
502,random,27,18,22
503,random,27,9,4
504,random,27,11,27
505,random,27,4,10
506,random,27,10,15
507,random,27,9,20
508,random,27,19,11
509,random,27,16,16
510,R2D2,27,91,-39844
511,R2D2,27,82,-13811
512,R2D2,27,199,-15323
513,R2D2,27,102,-24763
514,R2D2,27,252,-15577
515,R2D2,27,322,-23955
516,R2D2,27,231,-21426
517,R2D2,27,30,-22284
518,R2D2,27,63,-1884
519,R2D2,27,101,-4221
520,rule-based,27,48,205
521,rule-based,27,189,705
522,rule-based,27,292,1007
523,rule-based,27,29,129
524,rule-based,27,72,283
525,rule-based,27,211,657
526,rule-based,27,381,1325
527,rule-based,27,312,1032
528,rule-based,27,152,534
529,rule-based,27,247,892
530,random,27,6,10
531,random,27,6,17
532,random,27,12,36
533,random,27,11,8
534,random,27,3,6
535,random,27,10,2
536,random,27,16,23
537,random,27,5,14
538,random,27,10,13
539,random,27,7,15
540,R2D2,27,348,-30728
541,R2D2,27,135,-35281
542,R2D2,27,249,-80781
543,R2D2,27,116,-9615
544,R2D2,27,381,-83667
545,R2D2,27,201,-83142
546,R2D2,27,101,-16212
547,R2D2,27,155,-26404
548,R2D2,27,246,-19277
549,R2D2,27,34,164
550,rule-based,27,199,681
551,rule-based,27,148,535
552,rule-based,27,54,226
553,rule-based,27,134,529
554,rule-based,27,59,257
555,rule-based,27,141,490
556,rule-based,27,95,360
557,rule-based,27,114,503
558,rule-based,27,145,499
559,rule-based,27,152,585
560,random,27,23,35
561,random,27,6,14
562,random,27,8,19
563,random,27,19,6
564,random,27,13,24
565,random,27,18,12
566,random,27,13,24
567,random,27,21,14
568,random,27,18,10
569,random,27,9,25
570,R2D2,27,40,121
571,R2D2,27,137,-16983
572,R2D2,27,281,-11646
573,R2D2,27,113,-66923
574,R2D2,27,83,-52361
575,R2D2,27,241,-10128
576,R2D2,27,30,117
577,R2D2,27,81,-23134
578,R2D2,27,320,-15745
579,R2D2,27,26,32
580,rule-based,27,97,396
581,rule-based,27,33,126
582,rule-based,27,370,1215
583,rule-based,27,401,1265
584,rule-based,27,68,289
585,rule-based,27,65,246
586,rule-based,27,90,382
587,rule-based,27,173,622
588,rule-based,27,60,260
589,rule-based,27,148,499
590,random,27,40,7
591,random,27,13,4
592,random,27,21,26
593,random,27,6,8
594,random,27,4,8
595,random,27,14,10
596,random,27,21,12
597,random,27,12,24
598,random,27,23,33
599,random,27,17,13
600,R2D2,44,492,-67225
601,R2D2,44,155,-40778
602,R2D2,44,519,-66400
603,R2D2,44,138,-20115
604,R2D2,44,78,-4914
605,R2D2,44,264,-11627
606,R2D2,44,103,-6519
607,R2D2,44,21,144
608,R2D2,44,335,-60141
609,R2D2,44,248,-51377
610,rule-based,44,204,1575
611,rule-based,44,44,376
612,rule-based,44,118,873
613,rule-based,44,149,1103
614,rule-based,44,83,713
615,rule-based,44,111,884
616,rule-based,44,299,2195
617,rule-based,44,95,739
618,rule-based,44,442,3230
619,rule-based,44,203,1502
620,random,44,7,38
621,random,44,14,36
622,random,44,11,63
623,random,44,13,37
624,random,44,9,50
625,random,44,22,71
626,random,44,13,39
627,random,44,16,65
628,random,44,7,43
629,random,44,9,-10938
630,R2D2,44,150,-35798
631,R2D2,44,483,-79928
632,R2D2,44,54,-9074
633,R2D2,44,122,545
634,R2D2,44,269,-55011
635,R2D2,44,297,-13864
636,R2D2,44,306,-40638
637,R2D2,44,326,-108689
638,R2D2,44,136,-55453
639,R2D2,44,73,-21481
640,rule-based,44,93,715
641,rule-based,44,145,1078
642,rule-based,44,100,768
643,rule-based,44,173,1345
644,rule-based,44,274,2020
645,rule-based,44,86,694
646,rule-based,44,107,869
647,rule-based,44,44,361
648,rule-based,44,37,305
649,rule-based,44,260,1861
650,random,44,18,79
651,random,44,25,53
652,random,44,15,27
653,random,44,17,67
654,random,44,28,63
655,random,44,14,59
656,random,44,12,55
657,random,44,15,78
658,random,44,15,24
659,random,44,16,49
660,R2D2,44,311,-46736
661,R2D2,44,435,-27389
662,R2D2,44,150,-14104
663,R2D2,44,70,-28272
664,R2D2,44,333,-56957
665,R2D2,44,557,-82025
666,R2D2,44,299,-66602
667,R2D2,44,243,-20032
668,R2D2,44,438,-24078
669,R2D2,44,200,-45246
670,rule-based,44,180,1307
671,rule-based,44,244,1864
672,rule-based,44,323,2337
673,rule-based,44,43,341
674,rule-based,44,29,233
675,rule-based,44,175,1387
676,rule-based,44,141,1134
677,rule-based,44,128,996
678,rule-based,44,172,1241
679,rule-based,44,37,296
680,random,44,8,39
681,random,44,13,48
682,random,44,8,39
683,random,44,16,51
684,random,44,12,30
685,random,44,15,56
686,random,44,6,38
687,random,44,11,59
688,random,44,4,27
689,random,44,25,58
690,R2D2,44,265,-56250
691,R2D2,44,241,-44574
692,R2D2,44,132,-33755
693,R2D2,44,319,-8938
694,R2D2,44,266,-45553
695,R2D2,44,230,-20267
696,R2D2,44,304,-58536
697,R2D2,44,433,-47042
698,R2D2,44,266,-37384
699,R2D2,44,226,-44264
700,rule-based,44,244,1853
701,rule-based,44,47,371
702,rule-based,44,225,1684
703,rule-based,44,204,1569
704,rule-based,44,110,848
705,rule-based,44,88,702
706,rule-based,44,166,1298
707,rule-based,44,114,916
708,rule-based,44,97,771
709,rule-based,44,189,1404
710,random,44,4,22
711,random,44,13,60
712,random,44,14,-12600
713,random,44,8,-1978
714,random,44,11,51
715,random,44,5,26
716,random,44,4,23
717,random,44,15,28
718,random,44,17,48
719,random,44,22,53
720,R2D2,44,271,-18642
721,R2D2,44,546,-77720
722,R2D2,44,183,-27260
723,R2D2,44,229,-64317
724,R2D2,44,118,-20545
725,R2D2,44,761,-77486
726,R2D2,44,442,-53550
727,R2D2,44,171,-20579
728,R2D2,44,119,-1913
729,R2D2,44,95,-25576
730,rule-based,44,245,1788
731,rule-based,44,116,999
732,rule-based,44,157,1202
733,rule-based,44,120,976
734,rule-based,44,75,597
735,rule-based,44,88,725
736,rule-based,44,84,677
737,rule-based,44,60,475
738,rule-based,44,196,1442
739,rule-based,44,37,295
740,random,44,10,36
741,random,44,12,51
742,random,44,13,35
743,random,44,9,47
744,random,44,5,33
745,random,44,17,66
746,random,44,15,67
747,random,44,7,37
748,random,44,5,26
749,random,44,14,43
750,R2D2,44,261,-38597
751,R2D2,44,171,-23462
752,R2D2,44,507,-42024
753,R2D2,44,143,-24014
754,R2D2,44,106,-24208
755,R2D2,44,87,163
756,R2D2,44,43,256
757,R2D2,44,456,-60631
758,R2D2,44,182,-8931
759,R2D2,44,21,144
760,rule-based,44,94,772
761,rule-based,44,234,1710
762,rule-based,44,244,1876
763,rule-based,44,150,1135
764,rule-based,44,73,559
765,rule-based,44,117,969
766,rule-based,44,67,569
767,rule-based,44,173,1316
768,rule-based,44,177,1331
769,rule-based,44,270,2001
770,random,44,18,64
771,random,44,4,20
772,random,44,8,29
773,random,44,8,43
774,random,44,8,33
775,random,44,11,44
776,random,44,16,60
777,random,44,7,28
778,random,44,12,55
779,random,44,15,58
780,R2D2,44,203,-29082
781,R2D2,44,187,-36369
782,R2D2,44,374,-39391
783,R2D2,44,389,-51398
784,R2D2,44,445,-66237
785,R2D2,44,298,-72798
786,R2D2,44,213,-45511
787,R2D2,44,230,-14692
788,R2D2,44,210,-30864
789,R2D2,44,360,-68275
790,rule-based,44,168,1257
791,rule-based,44,149,1174
792,rule-based,44,248,1864
793,rule-based,44,142,1088
794,rule-based,44,61,484
795,rule-based,44,195,1464
796,rule-based,44,191,1409
797,rule-based,44,60,488
798,rule-based,44,134,1045
799,rule-based,44,55,447
800,random,44,20,55
801,random,44,12,50
802,random,44,11,52
803,random,44,6,22
804,random,44,16,78
805,random,44,17,65
806,random,44,10,40
807,random,44,9,32
808,random,44,7,45
809,random,44,13,28
810,R2D2,44,261,-53049
811,R2D2,44,274,-94746
812,R2D2,44,76,-7104
813,R2D2,44,304,-49346
814,R2D2,44,431,-76400
815,R2D2,44,391,-57959
816,R2D2,44,290,-41919
817,R2D2,44,302,-5720
818,R2D2,44,279,-32204
819,R2D2,44,78,-39430
820,rule-based,44,65,531
821,rule-based,44,89,719
822,rule-based,44,62,491
823,rule-based,44,167,1234
824,rule-based,44,142,1034
825,rule-based,44,331,2464
826,rule-based,44,181,1357
827,rule-based,44,210,1540
828,rule-based,44,391,2850
829,rule-based,44,60,499
830,random,44,18,57
831,random,44,10,53
832,random,44,19,81
833,random,44,13,45
834,random,44,6,24
835,random,44,19,38
836,random,44,22,32
837,random,44,7,34
838,random,44,11,50
839,random,44,37,49
840,R2D2,44,102,-23613
841,R2D2,44,330,-59131
842,R2D2,44,521,-80249
843,R2D2,44,379,-48325
844,R2D2,44,304,-49769
845,R2D2,44,183,891
846,R2D2,44,547,-25391
847,R2D2,44,170,-57730
848,R2D2,44,447,-27430
849,R2D2,44,212,-49980
850,rule-based,44,71,581
851,rule-based,44,258,1920
852,rule-based,44,82,642
853,rule-based,44,86,682
854,rule-based,44,36,302
855,rule-based,44,61,500
856,rule-based,44,123,893
857,rule-based,44,37,297
858,rule-based,44,70,528
859,rule-based,44,69,513
860,random,44,19,79
861,random,44,9,52
862,random,44,9,52
863,random,44,11,-2438
864,random,44,7,26
865,random,44,7,32
866,random,44,36,76
867,random,44,5,28
868,random,44,16,49
869,random,44,11,37
870,R2D2,44,64,-12259
871,R2D2,44,322,-38677
872,R2D2,44,97,-9889
873,R2D2,44,220,-34323
874,R2D2,44,112,-9546
875,R2D2,44,152,-20791
876,R2D2,44,500,-64299
877,R2D2,44,147,-10073
878,R2D2,44,326,-28437
879,R2D2,44,216,-45935
880,rule-based,44,103,888
881,rule-based,44,51,437
882,rule-based,44,35,280
883,rule-based,44,46,374
884,rule-based,44,76,638
885,rule-based,44,491,3564
886,rule-based,44,107,855
887,rule-based,44,164,1406
888,rule-based,44,105,807
889,rule-based,44,65,543
890,random,44,13,44
891,random,44,7,36
892,random,44,15,51
893,random,44,19,59
894,random,44,6,25
895,random,44,10,51
896,random,44,5,28
897,random,44,8,37
898,random,44,8,32
899,random,44,29,56
900,R2D2,56,336,-44862
901,R2D2,56,214,-29876
902,R2D2,56,5,64
903,R2D2,56,665,-33359
904,R2D2,56,52,-2053
905,R2D2,56,299,-24782
906,R2D2,56,31,-3243
907,R2D2,56,609,-9055
908,R2D2,56,163,-99
909,R2D2,56,57,-8628
910,rule-based,56,19,246
911,rule-based,56,6,77
912,rule-based,56,23,298
913,rule-based,56,35,454
914,rule-based,56,28,363
915,rule-based,56,8,103
916,rule-based,56,13,168
917,rule-based,56,7,90
918,rule-based,56,6,77
919,rule-based,56,73,948
920,random,56,8,50
921,random,56,9,69
922,random,56,16,-5829
923,random,56,13,83
924,random,56,5,47
925,random,56,25,-3807
926,random,56,6,51
927,random,56,20,100
928,random,56,10,84
929,random,56,9,81
930,R2D2,56,850,-60484
931,R2D2,56,163,-39402
932,R2D2,56,236,-16345
933,R2D2,56,224,-35567
934,R2D2,56,480,-33583
935,R2D2,56,195,-46966
936,R2D2,56,83,-14235
937,R2D2,56,337,-57805
938,R2D2,56,293,-78789
939,R2D2,56,239,-19365
940,rule-based,56,15,194
941,rule-based,56,11,142
942,rule-based,56,19,246
943,rule-based,56,9,116
944,rule-based,56,11,142
945,rule-based,56,8,103
946,rule-based,56,29,376
947,rule-based,56,38,493
948,rule-based,56,13,168
949,rule-based,56,20,259
950,random,56,18,118
951,random,56,15,113
952,random,56,9,55
953,random,56,5,53
954,random,56,7,68
955,random,56,11,78
956,random,56,8,71
957,random,56,9,75
958,random,56,18,124
959,random,56,10,82
960,R2D2,56,61,-94
961,R2D2,56,235,-38068
962,R2D2,56,147,-25586
963,R2D2,56,265,-22765
964,R2D2,56,322,-14430
965,R2D2,56,149,-28475
966,R2D2,56,260,-15379
967,R2D2,56,261,-23255
968,R2D2,56,72,-12162
969,R2D2,56,97,-2814
970,rule-based,56,16,207
971,rule-based,56,20,259
972,rule-based,56,7,90
973,rule-based,56,15,194
974,rule-based,56,16,207
975,rule-based,56,15,194
976,rule-based,56,14,181
977,rule-based,56,9,116
978,rule-based,56,19,246
979,rule-based,56,18,233
980,random,56,7,64
981,random,56,22,124
982,random,56,5,39
983,random,56,24,109
984,random,56,7,64
985,random,56,15,98
986,random,56,8,78
987,random,56,46,180
988,random,56,10,84
989,random,56,27,132
990,R2D2,56,3,31
991,R2D2,56,55,-22114
992,R2D2,56,157,-89528
993,R2D2,56,285,-55468
994,R2D2,56,423,-89700
995,R2D2,56,96,-10189
996,R2D2,56,173,-14917
997,R2D2,56,30,-23667
998,R2D2,56,150,-7177
999,R2D2,56,150,-24806
1000,rule-based,56,25,324
1001,rule-based,56,6,77
1002,rule-based,56,21,272
1003,rule-based,56,13,168
1004,rule-based,56,21,272
1005,rule-based,56,22,285
1006,rule-based,56,41,532
1007,rule-based,56,6,77
1008,rule-based,56,14,181
1009,rule-based,56,17,220
1010,random,56,3,32
1011,random,56,15,-6115
1012,random,56,7,71
1013,random,56,12,85
1014,random,56,9,82
1015,random,56,3,30
1016,random,56,9,84
1017,random,56,5,51
1018,random,56,7,51
1019,random,56,18,94
1020,R2D2,56,9,92
1021,R2D2,56,256,-35847
1022,R2D2,56,577,-45236
1023,R2D2,56,223,-62808
1024,R2D2,56,660,-107879
1025,R2D2,56,149,-28865
1026,R2D2,56,343,-82597
1027,R2D2,56,164,-29528
1028,R2D2,56,287,-58014
1029,R2D2,56,187,-59241
1030,rule-based,56,17,220
1031,rule-based,56,15,194
1032,rule-based,56,13,168
1033,rule-based,56,6,77
1034,rule-based,56,19,246
1035,rule-based,56,30,389
1036,rule-based,56,19,246
1037,rule-based,56,10,129
1038,rule-based,56,17,220
1039,rule-based,56,12,155
1040,random,56,9,79
1041,random,56,8,68
1042,random,56,11,59
1043,random,56,5,49
1044,random,56,6,54
1045,random,56,13,100
1046,random,56,6,53
1047,random,56,43,79
1048,random,56,6,60
1049,random,56,14,99
1050,R2D2,56,82,-9240
1051,R2D2,56,338,-54857
1052,R2D2,56,285,-74598
1053,R2D2,56,360,-76200
1054,R2D2,56,108,-14379
1055,R2D2,56,74,-3924
1056,R2D2,56,347,-3512
1057,R2D2,56,253,-30316
1058,R2D2,56,166,-25645
1059,R2D2,56,302,-78313
1060,rule-based,56,12,155
1061,rule-based,56,20,259
1062,rule-based,56,39,506
1063,rule-based,56,14,181
1064,rule-based,56,20,259
1065,rule-based,56,34,441
1066,rule-based,56,51,662
1067,rule-based,56,51,662
1068,rule-based,56,17,220
1069,rule-based,56,7,90
1070,random,56,3,30
1071,random,56,12,69
1072,random,56,14,66
1073,random,56,7,60
1074,random,56,10,70
1075,random,56,9,69
1076,random,56,9,66
1077,random,56,28,108
1078,random,56,9,-8028
1079,random,56,14,96
1080,R2D2,56,121,-66689
1081,R2D2,56,202,-37637
1082,R2D2,56,38,455
1083,R2D2,56,203,-50111
1084,R2D2,56,203,-40310
1085,R2D2,56,157,-26130
1086,R2D2,56,351,-28086
1087,R2D2,56,51,-4857
1088,R2D2,56,36,430
1089,R2D2,56,30,350
1090,rule-based,56,10,129
1091,rule-based,56,11,142
1092,rule-based,56,26,337
1093,rule-based,56,13,168
1094,rule-based,56,73,948
1095,rule-based,56,38,493
1096,rule-based,56,32,415
1097,rule-based,56,7,90
1098,rule-based,56,28,363
1099,rule-based,56,67,870
1100,random,56,3,33
1101,random,56,12,66
1102,random,56,17,88
1103,random,56,15,106
1104,random,56,16,123
1105,random,56,19,-28147
1106,random,56,6,52
1107,random,56,19,119
1108,random,56,18,108
1109,random,56,12,93
1110,R2D2,56,35,-6890
1111,R2D2,56,716,-49032
1112,R2D2,56,61,-15872
1113,R2D2,56,116,-50511
1114,R2D2,56,88,-23237
1115,R2D2,56,78,-9357
1116,R2D2,56,19,-250
1117,R2D2,56,86,-8
1118,R2D2,56,336,-37868
1119,R2D2,56,131,-79635
1120,rule-based,56,15,194
1121,rule-based,56,22,285
1122,rule-based,56,9,116
1123,rule-based,56,13,168
1124,rule-based,56,46,597
1125,rule-based,56,12,155
1126,rule-based,56,30,389
1127,rule-based,56,12,155
1128,rule-based,56,31,402
1129,rule-based,56,9,116
1130,random,56,3,31
1131,random,56,6,59
1132,random,56,36,177
1133,random,56,3,30
1134,random,56,12,102
1135,random,56,17,105
1136,random,56,16,91
1137,random,56,7,66
1138,random,56,8,58
1139,random,56,13,90
1140,R2D2,56,303,-22372
1141,R2D2,56,185,-19927
1142,R2D2,56,127,669
1143,R2D2,56,219,-67179
1144,R2D2,56,186,-17540
1145,R2D2,56,343,-10828
1146,R2D2,56,33,-2343
1147,R2D2,56,182,-7091
1148,R2D2,56,240,-48917
1149,R2D2,56,401,-75902
1150,rule-based,56,35,454
1151,rule-based,56,28,363
1152,rule-based,56,39,506
1153,rule-based,56,34,441
1154,rule-based,56,26,337
1155,rule-based,56,11,142
1156,rule-based,56,45,584
1157,rule-based,56,15,194
1158,rule-based,56,24,311
1159,rule-based,56,6,77
1160,random,56,19,137
1161,random,56,18,-7799
1162,random,56,15,111
1163,random,56,15,89
1164,random,56,14,96
1165,random,56,5,49
1166,random,56,10,86
1167,random,56,26,134
1168,random,56,9,72
1169,random,56,17,108
1170,R2D2,56,150,-1609
1171,R2D2,56,196,-47767
1172,R2D2,56,332,-26886
1173,R2D2,56,577,-43582
1174,R2D2,56,244,-86700
1175,R2D2,56,68,-31682
1176,R2D2,56,67,-5754
1177,R2D2,56,729,-12610
1178,R2D2,56,92,-13615
1179,R2D2,56,369,-36939
1180,rule-based,56,26,337
1181,rule-based,56,11,142
1182,rule-based,56,41,532
1183,rule-based,56,6,77
1184,rule-based,56,11,142
1185,rule-based,56,33,428
1186,rule-based,56,41,532
1187,rule-based,56,46,597
1188,rule-based,56,25,324
1189,rule-based,56,36,467
1190,random,56,6,53
1191,random,56,36,143
1192,random,56,8,79
1193,random,56,5,43
1194,random,56,4,33
1195,random,56,7,57
1196,random,56,8,59
1197,random,56,3,32
1198,random,56,13,91
1199,random,56,5,43
1200,R2D2,62,232,-53357
1201,R2D2,62,140,-78939
1202,R2D2,62,296,-71120
1203,R2D2,62,860,-18491
1204,R2D2,62,73,-59244
1205,R2D2,62,248,-42645
1206,R2D2,62,256,-45342
1207,R2D2,62,21,335
1208,R2D2,62,52,-18241
1209,R2D2,62,293,-63355
1210,rule-based,62,45,719
1211,rule-based,62,41,655
1212,rule-based,62,38,607
1213,rule-based,62,19,303
1214,rule-based,62,29,463
1215,rule-based,62,46,735
1216,rule-based,62,38,607
1217,rule-based,62,14,223
1218,rule-based,62,30,479
1219,rule-based,62,14,223
1220,random,62,8,91
1221,random,62,10,98
1222,random,62,7,95
1223,random,62,8,91
1224,random,62,14,124
1225,random,62,36,108
1226,random,62,12,118
1227,random,62,18,146
1228,random,62,35,195
1229,random,62,10,89
1230,R2D2,62,89,-33937
1231,R2D2,62,562,-34370
1232,R2D2,62,201,-42403
1233,R2D2,62,141,-15383
1234,R2D2,62,266,-21476
1235,R2D2,62,173,-36440
1236,R2D2,62,18,269
1237,R2D2,62,349,-96854
1238,R2D2,62,60,-10223
1239,R2D2,62,31,405
1240,rule-based,62,18,287
1241,rule-based,62,26,415
1242,rule-based,62,39,623
1243,rule-based,62,61,975
1244,rule-based,62,26,415
1245,rule-based,62,12,191
1246,rule-based,62,44,703
1247,rule-based,62,14,223
1248,rule-based,62,24,383
1249,rule-based,62,44,703
1250,random,62,16,136
1251,random,62,9,83
1252,random,62,4,54
1253,random,62,9,97
1254,random,62,17,154
1255,random,62,6,65
1256,random,62,4,52
1257,random,62,7,88
1258,random,62,16,119
1259,random,62,9,92
1260,R2D2,62,22,-3640
1261,R2D2,62,737,-25174
1262,R2D2,62,56,-19176
1263,R2D2,62,64,-68250
1264,R2D2,62,296,-105523
1265,R2D2,62,571,-132483
1266,R2D2,62,523,-2083
1267,R2D2,62,474,-38907
1268,R2D2,62,87,-22404
1269,R2D2,62,79,-22222
1270,rule-based,62,20,319
1271,rule-based,62,39,623
1272,rule-based,62,30,479
1273,rule-based,62,39,623
1274,rule-based,62,24,383
1275,rule-based,62,30,479
1276,rule-based,62,30,479
1277,rule-based,62,44,703
1278,rule-based,62,38,607
1279,rule-based,62,51,815
1280,random,62,17,156
1281,random,62,15,118
1282,random,62,13,97
1283,random,62,14,108
1284,random,62,6,77
1285,random,62,14,103
1286,random,62,13,117
1287,random,62,25,179
1288,random,62,25,130
1289,random,62,21,163
1290,R2D2,62,308,-24161
1291,R2D2,62,176,-81106
1292,R2D2,62,554,-9236
1293,R2D2,62,119,-32600
1294,R2D2,62,174,-38407
1295,R2D2,62,30,423
1296,R2D2,62,348,-21143
1297,R2D2,62,418,-31738
1298,R2D2,62,238,-40005
1299,R2D2,62,112,-91370
1300,rule-based,62,14,223
1301,rule-based,62,24,383
1302,rule-based,62,24,383
1303,rule-based,62,39,623
1304,rule-based,62,16,255
1305,rule-based,62,42,671
1306,rule-based,62,58,927
1307,rule-based,62,39,623
1308,rule-based,62,20,319
1309,rule-based,62,16,255
1310,random,62,9,98
1311,random,62,13,141
1312,random,62,5,61
1313,random,62,5,63
1314,random,62,15,161
1315,random,62,8,94
1316,random,62,31,82
1317,random,62,9,114
1318,random,62,4,46
1319,random,62,5,56
1320,R2D2,62,8,94
1321,R2D2,62,4,52
1322,R2D2,62,23,299
1323,R2D2,62,12,156
1324,R2D2,62,7,91
1325,R2D2,62,5,65
1326,R2D2,62,11,143
1327,R2D2,62,7,91
1328,R2D2,62,10,130
1329,R2D2,62,15,195
1330,rule-based,62,36,575
1331,rule-based,62,35,559
1332,rule-based,62,32,511
1333,rule-based,62,37,591
1334,rule-based,62,16,255
1335,rule-based,62,35,559
1336,rule-based,62,15,239
1337,rule-based,62,8,127
1338,rule-based,62,17,271
1339,rule-based,62,18,287
1340,random,62,8,92
1341,random,62,4,46
1342,random,62,22,135
1343,random,62,15,113
1344,random,62,20,163
1345,random,62,12,110
1346,random,62,6,72
1347,random,62,13,102
1348,random,62,7,73
1349,random,62,51,-3767
1350,R2D2,62,90,346
1351,R2D2,62,221,-19568
1352,R2D2,62,555,-33268
1353,R2D2,62,717,-49656
1354,R2D2,62,93,-57537
1355,R2D2,62,288,-37334
1356,R2D2,62,702,-22332
1357,R2D2,62,380,-49495
1358,R2D2,62,246,-23897
1359,R2D2,62,233,-31426
1360,rule-based,62,83,1327
1361,rule-based,62,51,815
1362,rule-based,62,30,479
1363,rule-based,62,27,431
1364,rule-based,62,26,415
1365,rule-based,62,34,543
1366,rule-based,62,60,959
1367,rule-based,62,26,415
1368,rule-based,62,23,367
1369,rule-based,62,29,463
1370,random,62,49,190
1371,random,62,16,-1490
1372,random,62,13,134
1373,random,62,14,102
1374,random,62,4,57
1375,random,62,8,82
1376,random,62,27,-3173
1377,random,62,20,136
1378,random,62,12,137
1379,random,62,13,132
1380,R2D2,62,274,-64286
1381,R2D2,62,52,486
1382,R2D2,62,571,-91249
1383,R2D2,62,275,-18779
1384,R2D2,62,513,-63611
1385,R2D2,62,310,-119020
1386,R2D2,62,542,-128884
1387,R2D2,62,251,-37681
1388,R2D2,62,356,-99872
1389,R2D2,62,434,-7161
1390,rule-based,62,53,847
1391,rule-based,62,28,447
1392,rule-based,62,31,495
1393,rule-based,62,17,271
1394,rule-based,62,30,479
1395,rule-based,62,30,479
1396,rule-based,62,41,655
1397,rule-based,62,93,1487
1398,rule-based,62,30,479
1399,rule-based,62,12,191
1400,random,62,19,156
1401,random,62,13,116
1402,random,62,23,185
1403,random,62,32,171
1404,random,62,22,148
1405,random,62,8,75
1406,random,62,8,78
1407,random,62,8,96
1408,random,62,7,88
1409,random,62,13,112
1410,R2D2,62,131,-67916
1411,R2D2,62,185,-95953
1412,R2D2,62,384,-33972
1413,R2D2,62,84,-19003
1414,R2D2,62,54,-31315
1415,R2D2,62,57,-23084
1416,R2D2,62,464,-98422
1417,R2D2,62,241,-76885
1418,R2D2,62,465,-97634
1419,R2D2,62,274,-44910
1420,rule-based,62,45,719
1421,rule-based,62,30,479
1422,rule-based,62,13,207
1423,rule-based,62,49,783
1424,rule-based,62,17,271
1425,rule-based,62,34,543
1426,rule-based,62,21,335
1427,rule-based,62,21,335
1428,rule-based,62,23,367
1429,rule-based,62,38,607
1430,random,62,20,140
1431,random,62,5,69
1432,random,62,10,98
1433,random,62,8,91
1434,random,62,25,147
1435,random,62,28,119
1436,random,62,12,122
1437,random,62,16,120
1438,random,62,25,145
1439,random,62,18,154
1440,R2D2,62,371,-104777
1441,R2D2,62,550,-11434
1442,R2D2,62,273,-102023
1443,R2D2,62,360,-3462
1444,R2D2,62,87,-8847
1445,R2D2,62,272,-42414
1446,R2D2,62,503,-1412
1447,R2D2,62,322,-103147
1448,R2D2,62,11,163
1449,R2D2,62,148,-50510
1450,rule-based,62,37,591
1451,rule-based,62,34,543
1452,rule-based,62,64,1023
1453,rule-based,62,65,1039
1454,rule-based,62,53,847
1455,rule-based,62,51,815
1456,rule-based,62,32,511
1457,rule-based,62,40,639
1458,rule-based,62,57,911
1459,rule-based,62,23,367
1460,random,62,30,200
1461,random,62,27,184
1462,random,62,17,-25490
1463,random,62,7,85
1464,random,62,25,169
1465,random,62,10,119
1466,random,62,32,134
1467,random,62,12,125
1468,random,62,20,146
1469,random,62,7,75
1470,R2D2,62,45,-29328
1471,R2D2,62,52,-20891
1472,R2D2,62,54,-13191
1473,R2D2,62,77,-833
1474,R2D2,62,44,-25453
1475,R2D2,62,15,207
1476,R2D2,62,79,-21780
1477,R2D2,62,59,-21250
1478,R2D2,62,7,93
1479,R2D2,62,64,-14050
1480,rule-based,62,30,479
1481,rule-based,62,39,623
1482,rule-based,62,45,719
1483,rule-based,62,41,655
1484,rule-based,62,40,639
1485,rule-based,62,65,1039
1486,rule-based,62,52,831
1487,rule-based,62,24,383
1488,rule-based,62,45,719
1489,rule-based,62,18,287
1490,random,62,14,141
1491,random,62,14,119
1492,random,62,29,190
1493,random,62,21,170
1494,random,62,5,62
1495,random,62,7,79
1496,random,62,19,142
1497,random,62,6,75
1498,random,62,27,127
1499,random,62,5,59
1500,R2D2,65,83,-6146
1501,R2D2,65,343,-79175
1502,R2D2,65,131,-43703
1503,R2D2,65,235,-42418
1504,R2D2,65,200,-57976
1505,R2D2,65,80,-2643
1506,R2D2,65,117,-58774
1507,R2D2,65,255,-65354
1508,R2D2,65,238,-17445
1509,R2D2,65,88,-10851
1510,rule-based,65,72,1120
1511,rule-based,65,154,2451
1512,rule-based,65,140,2142
1513,rule-based,65,71,1082
1514,rule-based,65,141,2135
1515,rule-based,65,178,2694
1516,rule-based,65,184,2784
1517,rule-based,65,108,1657
1518,rule-based,65,54,858
1519,rule-based,65,145,2269
1520,random,65,6,76
1521,random,65,8,82
1522,random,65,7,73
1523,random,65,12,143
1524,random,65,6,69
1525,random,65,6,65
1526,random,65,10,99
1527,random,65,28,154
1528,random,65,6,73
1529,random,65,13,124
1530,R2D2,65,45,600
1531,R2D2,65,647,-24335
1532,R2D2,65,335,-65672
1533,R2D2,65,88,-57678
1534,R2D2,65,281,-23129
1535,R2D2,65,545,-72037
1536,R2D2,65,478,-57819
1537,R2D2,65,158,-20039
1538,R2D2,65,447,-35378
1539,R2D2,65,105,-17877
1540,rule-based,65,114,1773
1541,rule-based,65,46,729
1542,rule-based,65,211,3265
1543,rule-based,65,82,1252
1544,rule-based,65,295,4464
1545,rule-based,65,144,2213
1546,rule-based,65,117,1816
1547,rule-based,65,39,615
1548,rule-based,65,110,1666
1549,rule-based,65,146,2218
1550,random,65,18,145
1551,random,65,17,140
1552,random,65,19,169
1553,random,65,13,128
1554,random,65,25,137
1555,random,65,21,180
1556,random,65,33,-33068
1557,random,65,37,121
1558,random,65,8,91
1559,random,65,25,164
1560,R2D2,65,203,-27768
1561,R2D2,65,43,557
1562,R2D2,65,258,-7361
1563,R2D2,65,297,-94795
1564,R2D2,65,409,-115998
1565,R2D2,65,370,-26271
1566,R2D2,65,107,-40763
1567,R2D2,65,30,429
1568,R2D2,65,120,433
1569,R2D2,65,269,-59500
1570,rule-based,65,53,837
1571,rule-based,65,135,2087
1572,rule-based,65,72,1130
1573,rule-based,65,163,2557
1574,rule-based,65,125,1937
1575,rule-based,65,85,1328
1576,rule-based,65,29,459
1577,rule-based,65,76,1173
1578,rule-based,65,189,2862
1579,rule-based,65,171,2604
1580,random,65,17,156
1581,random,65,9,89
1582,random,65,18,110
1583,random,65,10,99
1584,random,65,6,77
1585,random,65,11,100
1586,random,65,8,83
1587,random,65,26,168
1588,random,65,27,198
1589,random,65,31,178
1590,R2D2,65,170,-29481
1591,R2D2,65,77,-4564
1592,R2D2,65,335,-62013
1593,R2D2,65,367,-37581
1594,R2D2,65,319,-19902
1595,R2D2,65,267,-43477
1596,R2D2,65,403,-26259
1597,R2D2,65,590,-51856
1598,R2D2,65,377,-51469
1599,R2D2,65,441,-28577
1600,rule-based,65,24,380
1601,rule-based,65,115,1761
1602,rule-based,65,95,1501
1603,rule-based,65,127,1955
1604,rule-based,65,140,2167
1605,rule-based,65,252,3855
1606,rule-based,65,191,2956
1607,rule-based,65,52,822
1608,rule-based,65,74,1160
1609,rule-based,65,31,488
1610,random,65,15,-20355
1611,random,65,10,113
1612,random,65,13,123
1613,random,65,9,101
1614,random,65,48,134
1615,random,65,4,46
1616,random,65,10,84
1617,random,65,13,119
1618,random,65,8,87
1619,random,65,6,80
1620,R2D2,65,954,-51641
1621,R2D2,65,231,-58812
1622,R2D2,65,526,-29567
1623,R2D2,65,172,-41405
1624,R2D2,65,554,-37157
1625,R2D2,65,153,-31387
1626,R2D2,65,622,-57804
1627,R2D2,65,257,-31879
1628,R2D2,65,298,-3571
1629,R2D2,65,321,-50112
1630,rule-based,65,132,2045
1631,rule-based,65,127,1953
1632,rule-based,65,293,4509
1633,rule-based,65,34,524
1634,rule-based,65,39,611
1635,rule-based,65,224,3444
1636,rule-based,65,78,1230
1637,rule-based,65,56,878
1638,rule-based,65,88,1369
1639,rule-based,65,106,1666
1640,random,65,10,109
1641,random,65,27,150
1642,random,65,8,83
1643,random,65,11,112
1644,random,65,12,133
1645,random,65,13,121
1646,random,65,4,53
1647,random,65,7,85
1648,random,65,13,122
1649,random,65,17,91
1650,R2D2,65,208,-42713
1651,R2D2,65,291,-78219
1652,R2D2,65,565,-99881
1653,R2D2,65,747,-69887
1654,R2D2,65,565,-87835
1655,R2D2,65,49,732
1656,R2D2,65,260,-61228
1657,R2D2,65,295,-67716
1658,R2D2,65,362,-68118
1659,R2D2,65,259,-25107
1660,rule-based,65,209,3214
1661,rule-based,65,460,7041
1662,rule-based,65,234,3576
1663,rule-based,65,190,2898
1664,rule-based,65,117,1792
1665,rule-based,65,65,1012
1666,rule-based,65,168,2558
1667,rule-based,65,112,1756
1668,rule-based,65,34,535
1669,rule-based,65,75,1156
1670,random,65,6,71
1671,random,65,11,90
1672,random,65,16,118
1673,random,65,32,190
1674,random,65,13,134
1675,random,65,36,121
1676,random,65,17,171
1677,random,65,9,94
1678,random,65,11,107
1679,random,65,12,137
1680,R2D2,65,728,-55025
1681,R2D2,65,326,-28866
1682,R2D2,65,919,-16768
1683,R2D2,65,616,-87719
1684,R2D2,65,78,-6347
1685,R2D2,65,88,-20210
1686,R2D2,65,322,-48127
1687,R2D2,65,684,-58631
1688,R2D2,65,117,-12384
1689,R2D2,65,446,-18859
1690,rule-based,65,200,3018
1691,rule-based,65,31,486
1692,rule-based,65,244,3719
1693,rule-based,65,34,538
1694,rule-based,65,66,1050
1695,rule-based,65,26,408
1696,rule-based,65,118,1817
1697,rule-based,65,61,958
1698,rule-based,65,62,948
1699,rule-based,65,313,4754
1700,random,65,7,84
1701,random,65,14,140
1702,random,65,18,126
1703,random,65,28,176
1704,random,65,15,145
1705,random,65,5,55
1706,random,65,29,162
1707,random,65,6,69
1708,random,65,11,119
1709,random,65,13,134
1710,R2D2,65,334,-12846
1711,R2D2,65,31,462
1712,R2D2,65,41,-1267
1713,R2D2,65,354,-30692
1714,R2D2,65,332,-26554
1715,R2D2,65,452,-72149
1716,R2D2,65,12,153
1717,R2D2,65,175,-47606
1718,R2D2,65,321,-39588
1719,R2D2,65,278,-7972
1720,rule-based,65,176,2661
1721,rule-based,65,204,3181
1722,rule-based,65,80,1226
1723,rule-based,65,115,1771
1724,rule-based,65,172,2595
1725,rule-based,65,51,779
1726,rule-based,65,90,1399
1727,rule-based,65,18,276
1728,rule-based,65,99,1506
1729,rule-based,65,34,534
1730,random,65,4,47
1731,random,65,5,54
1732,random,65,22,209
1733,random,65,8,101
1734,random,65,21,-41127
1735,random,65,10,87
1736,random,65,19,112
1737,random,65,19,128
1738,random,65,19,132
1739,random,65,5,61
1740,R2D2,65,546,-30959
1741,R2D2,65,179,-29616
1742,R2D2,65,739,-51291
1743,R2D2,65,431,-22313
1744,R2D2,65,650,-102000
1745,R2D2,65,320,-56402
1746,R2D2,65,285,-118193
1747,R2D2,65,363,-39019
1748,R2D2,65,73,-23581
1749,R2D2,65,166,-25456
1750,rule-based,65,96,1510
1751,rule-based,65,73,1116
1752,rule-based,65,185,2825
1753,rule-based,65,217,3325
1754,rule-based,65,234,3539
1755,rule-based,65,13,203
1756,rule-based,65,143,2198
1757,rule-based,65,28,442
1758,rule-based,65,126,1912
1759,rule-based,65,185,2855
1760,random,65,19,165
1761,random,65,18,168
1762,random,65,7,85
1763,random,65,6,69
1764,random,65,11,115
1765,random,65,20,163
1766,random,65,32,183
1767,random,65,7,79
1768,random,65,16,127
1769,random,65,20,181
1770,R2D2,65,152,-22295
1771,R2D2,65,578,-52934
1772,R2D2,65,293,-37317
1773,R2D2,65,74,528
1774,R2D2,65,288,-19394
1775,R2D2,65,535,-25318
1776,R2D2,65,536,-83581
1777,R2D2,65,306,-45055
1778,R2D2,65,26,358
1779,R2D2,65,72,-12756
1780,rule-based,65,118,1791
1781,rule-based,65,223,3379
1782,rule-based,65,311,4684
1783,rule-based,65,159,2440
1784,rule-based,65,165,2529
1785,rule-based,65,279,4223
1786,rule-based,65,234,3620
1787,rule-based,65,302,4627
1788,rule-based,65,81,1280
1789,rule-based,65,101,1576
1790,random,65,15,146
1791,random,65,26,159
1792,random,65,11,119
1793,random,65,8,83
1794,random,65,21,152
1795,random,65,5,53
1796,random,65,7,71
1797,random,65,10,106
1798,random,65,22,141
1799,random,65,10,110
1800,R2D2,78,266,-28229
1801,R2D2,78,638,-92132
1802,R2D2,78,810,-73745
1803,R2D2,78,1025,-86094
1804,R2D2,78,584,-51299
1805,R2D2,78,294,-12934
1806,R2D2,78,377,-82239
1807,R2D2,78,653,-91734
1808,R2D2,78,127,-52832
1809,R2D2,78,532,-152603
1810,rule-based,78,39,689
1811,rule-based,78,148,2411
1812,rule-based,78,43,744
1813,rule-based,78,175,2907
1814,rule-based,78,80,1332
1815,rule-based,78,192,3174
1816,rule-based,78,174,2935
1817,rule-based,78,117,2006
1818,rule-based,78,65,1148
1819,rule-based,78,96,1578
1820,random,78,9,122
1821,random,78,6,76
1822,random,78,41,262
1823,random,78,21,182
1824,random,78,25,176
1825,random,78,21,202
1826,random,78,11,141
1827,random,78,15,188
1828,random,78,8,92
1829,random,78,13,133
1830,R2D2,78,252,-75235
1831,R2D2,78,17,-3096
1832,R2D2,78,505,-104385
1833,R2D2,78,312,-30502
1834,R2D2,78,651,-49978
1835,R2D2,78,734,-141848
1836,R2D2,78,269,-69114
1837,R2D2,78,555,-71805
1838,R2D2,78,244,-31831
1839,R2D2,78,212,-12214
1840,rule-based,78,203,3324
1841,rule-based,78,140,2364
1842,rule-based,78,64,1115
1843,rule-based,78,329,5329
1844,rule-based,78,186,3041
1845,rule-based,78,127,2102
1846,rule-based,78,74,1280
1847,rule-based,78,608,9864
1848,rule-based,78,113,1885
1849,rule-based,78,78,1302
1850,random,78,18,211
1851,random,78,28,223
1852,random,78,24,-15387
1853,random,78,12,107
1854,random,78,11,115
1855,random,78,27,-309
1856,random,78,16,-3093
1857,random,78,20,177
1858,random,78,34,-1437
1859,random,78,17,169
1860,R2D2,78,406,-124654
1861,R2D2,78,185,-7498
1862,R2D2,78,184,-53001
1863,R2D2,78,111,-37783
1864,R2D2,78,109,-10610
1865,R2D2,78,378,-103305
1866,R2D2,78,386,-114451
1867,R2D2,78,534,-41950
1868,R2D2,78,104,-20951
1869,R2D2,78,764,-97850
1870,rule-based,78,99,1671
1871,rule-based,78,270,4471
1872,rule-based,78,56,958
1873,rule-based,78,73,1223
1874,rule-based,78,109,1775
1875,rule-based,78,101,1701
1876,rule-based,78,113,1905
1877,rule-based,78,284,4572
1878,rule-based,78,48,803
1879,rule-based,78,83,1472
1880,random,78,22,189
1881,random,78,60,267
1882,random,78,23,194
1883,random,78,35,-8359
1884,random,78,15,171
1885,random,78,36,263
1886,random,78,16,112
1887,random,78,26,-6697
1888,random,78,5,63
1889,random,78,10,117
1890,R2D2,78,236,-41570
1891,R2D2,78,89,-26406
1892,R2D2,78,213,-51876
1893,R2D2,78,393,-35865
1894,R2D2,78,275,-9633
1895,R2D2,78,924,-42660
1896,R2D2,78,467,-37805
1897,R2D2,78,370,-35796
1898,R2D2,78,82,-4732
1899,R2D2,78,384,-55317
1900,rule-based,78,93,1660
1901,rule-based,78,74,1287
1902,rule-based,78,98,1682
1903,rule-based,78,44,748
1904,rule-based,78,122,2055
1905,rule-based,78,194,3253
1906,rule-based,78,159,2753
1907,rule-based,78,134,2210
1908,rule-based,78,98,1617
1909,rule-based,78,158,2554
1910,random,78,22,210
1911,random,78,9,129
1912,random,78,15,163
1913,random,78,37,181
1914,random,78,11,125
1915,random,78,24,189
1916,random,78,4,56
1917,random,78,40,-1526
1918,random,78,4,53
1919,random,78,28,199
1920,R2D2,78,497,-57352
1921,R2D2,78,600,-55428
1922,R2D2,78,861,-130669
1923,R2D2,78,439,-26834
1924,R2D2,78,663,-33907
1925,R2D2,78,759,-90304
1926,R2D2,78,998,-152468
1927,R2D2,78,269,-22058
1928,R2D2,78,725,-86502
1929,R2D2,78,524,-42508
1930,rule-based,78,469,7608
1931,rule-based,78,69,1171
1932,rule-based,78,70,1194
1933,rule-based,78,47,804
1934,rule-based,78,67,1143
1935,rule-based,78,208,3506
1936,rule-based,78,60,1058
1937,rule-based,78,712,11470
1938,rule-based,78,94,1570
1939,rule-based,78,36,638
1940,random,78,38,-30312
1941,random,78,24,187
1942,random,78,11,136
1943,random,78,16,167
1944,random,78,30,243
1945,random,78,31,253
1946,random,78,11,-11424
1947,random,78,13,128
1948,random,78,15,166
1949,random,78,14,133
1950,R2D2,78,750,-116261
1951,R2D2,78,802,-92584
1952,R2D2,78,323,-49215
1953,R2D2,78,499,-47345
1954,R2D2,78,350,-70575
1955,R2D2,78,589,-36407
1956,R2D2,78,532,-47661
1957,R2D2,78,182,-4805
1958,R2D2,78,865,-45104
1959,R2D2,78,308,-159211
1960,rule-based,78,57,991
1961,rule-based,78,144,2340
1962,rule-based,78,168,2811
1963,rule-based,78,104,1718
1964,rule-based,78,41,675
1965,rule-based,78,178,2946
1966,rule-based,78,187,3066
1967,rule-based,78,131,2203
1968,rule-based,78,150,2501
1969,rule-based,78,122,2014
1970,random,78,5,63
1971,random,78,6,81
1972,random,78,27,151
1973,random,78,16,165
1974,random,78,26,164
1975,random,78,19,181
1976,random,78,8,91
1977,random,78,25,196
1978,random,78,6,82
1979,random,78,9,113
1980,R2D2,78,443,-65620
1981,R2D2,78,430,-19822
1982,R2D2,78,875,-80256
1983,R2D2,78,255,-48370
1984,R2D2,78,516,-58703
1985,R2D2,78,427,-16405
1986,R2D2,78,838,-49389
1987,R2D2,78,378,-37219
1988,R2D2,78,425,-116845
1989,R2D2,78,402,-92481
1990,rule-based,78,222,3656
1991,rule-based,78,192,3132
1992,rule-based,78,50,889
1993,rule-based,78,199,3312
1994,rule-based,78,189,3197
1995,rule-based,78,230,3798
1996,rule-based,78,90,1492
1997,rule-based,78,196,3206
1998,rule-based,78,63,1059
1999,rule-based,78,143,2349
2000,random,78,55,-21886
2001,random,78,8,97
2002,random,78,46,196
2003,random,78,33,187
2004,random,78,7,78
2005,random,78,19,-9373
2006,random,78,38,300
2007,random,78,13,130
2008,random,78,18,183
2009,random,78,16,173
2010,R2D2,78,573,-65277
2011,R2D2,78,642,-71547
2012,R2D2,78,400,-84540
2013,R2D2,78,738,-40553
2014,R2D2,78,546,-32516
2015,R2D2,78,305,-66555
2016,R2D2,78,1167,-50038
2017,R2D2,78,616,-101611
2018,R2D2,78,238,-40872
2019,R2D2,78,189,-51526
2020,rule-based,78,55,972
2021,rule-based,78,157,2663
2022,rule-based,78,51,870
2023,rule-based,78,70,1252
2024,rule-based,78,86,1431
2025,rule-based,78,56,969
2026,rule-based,78,25,429
2027,rule-based,78,145,2483
2028,rule-based,78,157,2601
2029,rule-based,78,71,1236
2030,random,78,48,-11394
2031,random,78,28,220
2032,random,78,10,99
2033,random,78,14,122
2034,random,78,41,-799
2035,random,78,34,212
2036,random,78,12,135
2037,random,78,17,-9258
2038,random,78,17,180
2039,random,78,24,-4258
2040,R2D2,78,783,-16914
2041,R2D2,78,354,-29799
2042,R2D2,78,262,-39094
2043,R2D2,78,112,-14541
2044,R2D2,78,322,-23707
2045,R2D2,78,301,-30490
2046,R2D2,78,688,-76013
2047,R2D2,78,283,-87365
2048,R2D2,78,743,-127421
2049,R2D2,78,261,-155766
2050,rule-based,78,142,2467
2051,rule-based,78,120,2032
2052,rule-based,78,182,3026
2053,rule-based,78,50,858
2054,rule-based,78,95,1646
2055,rule-based,78,107,1817
2056,rule-based,78,148,2585
2057,rule-based,78,238,4158
2058,rule-based,78,45,786
2059,rule-based,78,384,6182
2060,random,78,28,220
2061,random,78,20,204
2062,random,78,13,146
2063,random,78,20,175
2064,random,78,19,-10094
2065,random,78,38,256
2066,random,78,41,-6129
2067,random,78,14,156
2068,random,78,12,151
2069,random,78,10,115
2070,R2D2,78,404,-65179
2071,R2D2,78,267,-108492
2072,R2D2,78,618,-29777
2073,R2D2,78,580,-33383
2074,R2D2,78,333,-44073
2075,R2D2,78,756,-28147
2076,R2D2,78,310,-67476
2077,R2D2,78,292,-102004
2078,R2D2,78,516,-49153
2079,R2D2,78,401,-98711
2080,rule-based,78,260,4331
2081,rule-based,78,99,1716
2082,rule-based,78,46,799
2083,rule-based,78,120,2012
2084,rule-based,78,281,4727
2085,rule-based,78,69,1165
2086,rule-based,78,325,5314
2087,rule-based,78,63,1054
2088,rule-based,78,83,1442
2089,rule-based,78,71,1195
2090,random,78,20,180
2091,random,78,10,-9753
2092,random,78,17,161
2093,random,78,13,152
2094,random,78,9,101
2095,random,78,14,155
2096,random,78,9,108
2097,random,78,23,177
2098,random,78,27,184
2099,random,78,7,98
